[0.000000] (-) TimerEvent: {}
[0.001532] (adi_imu) JobQueued: {'identifier': 'adi_imu', 'dependencies': OrderedDict()}
[0.001639] (adi_imu) JobStarted: {'identifier': 'adi_imu'}
[0.008268] (adi_imu) JobProgress: {'identifier': 'adi_imu', 'progress': 'cmake'}
[0.011634] (adi_imu) Command: {'cmd': ['/usr/bin/cmake', '/home/tudor/ROS_workspaces/adi_ros_dev/src/imu_ros2', '-DCMAKE_INSTALL_PREFIX=/home/tudor/ROS_workspaces/adi_ros_dev/src/imu_ros2/install/adi_imu'], 'cwd': '/home/tudor/ROS_workspaces/adi_ros_dev/src/imu_ros2/build/adi_imu', 'env': OrderedDict([('PYTHON_BASIC_REPL', '1'), ('LESSOPEN', '| /usr/bin/lesspipe %s'), ('USER', 'tudor'), ('GIT_ASKPASS', '/home/tudor/.vscode-server/bin/072586267e68ece9a47aa43f8c108e0dcbf44622/extensions/git/dist/askpass.sh'), ('SHLVL', '1'), ('LD_LIBRARY_PATH', '/usr/lib/x86_64-linux-gnu/gazebo-11/plugins:/opt/ros/humble/opt/rviz_ogre_vendor/lib:/opt/ros/humble/lib/x86_64-linux-gnu:/opt/ros/humble/lib'), ('MOTD_SHOWN', 'update-motd'), ('HOME', '/home/tudor'), ('OLDPWD', '/home/tudor/ROS_workspaces/adi_ros_dev'), ('TERM_PROGRAM_VERSION', '1.109.5'), ('VSCODE_IPC_HOOK_CLI', '/run/user/1000/vscode-ipc-3ee0448e-5e8d-4952-9f37-5bd2196f6e6c.sock'), ('ROS_PYTHON_VERSION', '3'), ('VSCODE_GIT_ASKPASS_MAIN', '/home/tudor/.vscode-server/bin/072586267e68ece9a47aa43f8c108e0dcbf44622/extensions/git/dist/askpass-main.js'), ('VSCODE_GIT_ASKPASS_NODE', '/home/tudor/.vscode-server/bin/072586267e68ece9a47aa43f8c108e0dcbf44622/node'), ('PYDEVD_DISABLE_FILE_VALIDATION', '1'), ('BUNDLED_DEBUGPY_PATH', '/home/tudor/.vscode-server/extensions/ms-python.debugpy-2025.18.0-linux-x64/bundled/libs/debugpy'), ('VSCODE_PYTHON_AUTOACTIVATE_GUARD', '1'), ('DBUS_SESSION_BUS_ADDRESS', 'unix:path=/run/user/1000/bus'), ('COLORTERM', 'truecolor'), ('WSL_DISTRO_NAME', 'Ubuntu-22.04'), ('_colcon_cd_root', '/opt/ros/humble/'), ('WAYLAND_DISPLAY', 'wayland-0'), ('ROS_DISTRO', 'humble'), ('LOGNAME', 'tudor'), ('NAME', 'HYB-M1Hx4yenj0N'), ('WSL_INTEROP', '/run/WSL/667_interop'), ('PULSE_SERVER', 'unix:/mnt/wslg/PulseServer'), ('_', '/usr/bin/colcon'), ('ROS_VERSION', '2'), ('CLAUDE_CODE_SSE_PORT', '16143'), ('TERM', 'xterm-256color'), ('ROS_LOCALHOST_ONLY', '0'), ('PATH', '/home/tudor/.vscode-server/data/User/globalStorage/github.copilot-chat/debugCommand:/home/tudor/.vscode-server/data/User/globalStorage/github.copilot-chat/copilotCli:/home/tudor/.vscode-server/bin/072586267e68ece9a47aa43f8c108e0dcbf44622/bin/remote-cli:/home/tudor/.local/bin:/opt/ros/humble/bin:/usr/local/sbin:/usr/local/bin:/usr/sbin:/usr/bin:/sbin:/bin:/usr/games:/usr/local/games:/usr/lib/wsl/lib:/mnt/c/WINDOWS/system32:/mnt/c/WINDOWS:/mnt/c/WINDOWS/System32/Wbem:/mnt/c/WINDOWS/System32/WindowsPowerShell/v1.0/:/mnt/c/WINDOWS/System32/OpenSSH/:/mnt/c/Program Files/MATLAB/R2025b/bin:/mnt/c/Program Files/Git/cmd:/mnt/c/Program Files/usbipd-win/:/mnt/c/Users/TAlineiP/AppData/Local/Microsoft/WindowsApps:/mnt/c/Users/TAlineiP/AppData/Local/Programs/Microsoft VS Code/bin:/snap/bin:/home/tudor/.vscode-server/extensions/ms-python.debugpy-2025.18.0-linux-x64/bundled/scripts/noConfigScripts'), ('XDG_RUNTIME_DIR', '/run/user/1000/'), ('DISPLAY', ':0'), ('VSCODE_DEBUGPY_ADAPTER_ENDPOINTS', '/home/tudor/.vscode-server/extensions/ms-python.debugpy-2025.18.0-linux-x64/.noConfigDebugAdapterEndpoints/endpoint-c9a4c1c03021b5da.txt'), ('LANG', 'en_US.UTF-8'), ('PYTHONSTARTUP', '/home/tudor/.vscode-server/data/User/workspaceStorage/bbcf92d1894d1c1fa1c499c1d5addfcc/ms-python.python/pythonrc.py'), ('LS_COLORS', 'rs=0:di=01;34:ln=01;36:mh=00:pi=40;33:so=01;35:do=01;35:bd=40;33;01:cd=40;33;01:or=40;31;01:mi=00:su=37;41:sg=30;43:ca=30;41:tw=30;42:ow=34;42:st=37;44:ex=01;32:*.tar=01;31:*.tgz=01;31:*.arc=01;31:*.arj=01;31:*.taz=01;31:*.lha=01;31:*.lz4=01;31:*.lzh=01;31:*.lzma=01;31:*.tlz=01;31:*.txz=01;31:*.tzo=01;31:*.t7z=01;31:*.zip=01;31:*.z=01;31:*.dz=01;31:*.gz=01;31:*.lrz=01;31:*.lz=01;31:*.lzo=01;31:*.xz=01;31:*.zst=01;31:*.tzst=01;31:*.bz2=01;31:*.bz=01;31:*.tbz=01;31:*.tbz2=01;31:*.tz=01;31:*.deb=01;31:*.rpm=01;31:*.jar=01;31:*.war=01;31:*.ear=01;31:*.sar=01;31:*.rar=01;31:*.alz=01;31:*.ace=01;31:*.zoo=01;31:*.cpio=01;31:*.7z=01;31:*.rz=01;31:*.cab=01;31:*.wim=01;31:*.swm=01;31:*.dwm=01;31:*.esd=01;31:*.jpg=01;35:*.jpeg=01;35:*.mjpg=01;35:*.mjpeg=01;35:*.gif=01;35:*.bmp=01;35:*.pbm=01;35:*.pgm=01;35:*.ppm=01;35:*.tga=01;35:*.xbm=01;35:*.xpm=01;35:*.tif=01;35:*.tiff=01;35:*.png=01;35:*.svg=01;35:*.svgz=01;35:*.mng=01;35:*.pcx=01;35:*.mov=01;35:*.mpg=01;35:*.mpeg=01;35:*.m2v=01;35:*.mkv=01;35:*.webm=01;35:*.webp=01;35:*.ogm=01;35:*.mp4=01;35:*.m4v=01;35:*.mp4v=01;35:*.vob=01;35:*.qt=01;35:*.nuv=01;35:*.wmv=01;35:*.asf=01;35:*.rm=01;35:*.rmvb=01;35:*.flc=01;35:*.avi=01;35:*.fli=01;35:*.flv=01;35:*.gl=01;35:*.dl=01;35:*.xcf=01;35:*.xwd=01;35:*.yuv=01;35:*.cgm=01;35:*.emf=01;35:*.ogv=01;35:*.ogx=01;35:*.aac=00;36:*.au=00;36:*.flac=00;36:*.m4a=00;36:*.mid=00;36:*.midi=00;36:*.mka=00;36:*.mp3=00;36:*.mpc=00;36:*.ogg=00;36:*.ra=00;36:*.wav=00;36:*.oga=00;36:*.opus=00;36:*.spx=00;36:*.xspf=00;36:'), ('VSCODE_GIT_IPC_HANDLE', '/run/user/1000/vscode-git-4cae890135.sock'), ('TERM_PROGRAM', 'vscode'), ('AMENT_PREFIX_PATH', '/opt/ros/humble'), ('SHELL', '/bin/bash'), ('LESSCLOSE', '/usr/bin/lesspipe %s %s'), ('VSCODE_GIT_ASKPASS_EXTRA_ARGS', ''), ('PWD', '/home/tudor/ROS_workspaces/adi_ros_dev/src/imu_ros2/build/adi_imu'), ('XDG_DATA_DIRS', '/usr/local/share:/usr/share:/var/lib/snapd/desktop'), ('PYTHONPATH', '/opt/ros/humble/lib/python3.10/site-packages:/opt/ros/humble/local/lib/python3.10/dist-packages'), ('COLCON', '1'), ('WSL2_GUI_APPS_ENABLED', '1'), ('HOSTTYPE', 'x86_64'), ('WSLENV', 'VSCODE_WSL_EXT_LOCATION/up'), ('CMAKE_PREFIX_PATH', '/opt/ros/humble')]), 'shell': False}
[0.100081] (-) TimerEvent: {}
[0.179783] (adi_imu) StdoutLine: {'line': b'-- The C compiler identification is GNU 11.4.0\n'}
[0.200321] (-) TimerEvent: {}
[0.300892] (-) TimerEvent: {}
[0.401594] (-) TimerEvent: {}
[0.502210] (-) TimerEvent: {}
[0.505723] (adi_imu) StdoutLine: {'line': b'-- The CXX compiler identification is GNU 11.4.0\n'}
[0.602411] (-) TimerEvent: {}
[0.661555] (adi_imu) StdoutLine: {'line': b'-- Detecting C compiler ABI info\n'}
[0.702607] (-) TimerEvent: {}
[0.746276] (adi_imu) StdoutLine: {'line': b'-- Detecting C compiler ABI info - done\n'}
[0.750102] (adi_imu) StdoutLine: {'line': b'-- Check for working C compiler: /usr/bin/cc - skipped\n'}
[0.751200] (adi_imu) StdoutLine: {'line': b'-- Detecting C compile features\n'}
[0.752163] (adi_imu) StdoutLine: {'line': b'-- Detecting C compile features - done\n'}
[0.755353] (adi_imu) StdoutLine: {'line': b'-- Detecting CXX compiler ABI info\n'}
[0.802804] (-) TimerEvent: {}
[0.846820] (adi_imu) StdoutLine: {'line': b'-- Detecting CXX compiler ABI info - done\n'}
[0.853607] (adi_imu) StdoutLine: {'line': b'-- Check for working CXX compiler: /usr/bin/c++ - skipped\n'}
[0.854035] (adi_imu) StdoutLine: {'line': b'-- Detecting CXX compile features\n'}
[0.854250] (adi_imu) StdoutLine: {'line': b'-- Detecting CXX compile features - done\n'}
[0.878084] (adi_imu) StdoutLine: {'line': b'-- Found ament_cmake: 1.3.12 (/opt/ros/humble/share/ament_cmake/cmake)\n'}
[0.903011] (-) TimerEvent: {}
[1.003646] (-) TimerEvent: {}
[1.058548] (adi_imu) StdoutLine: {'line': b'-- Found Python3: /usr/bin/python3 (found version "3.10.12") found components: Interpreter \n'}
[1.103826] (-) TimerEvent: {}
[1.182480] (adi_imu) StdoutLine: {'line': b'-- Found rclcpp: 16.0.17 (/opt/ros/humble/share/rclcpp/cmake)\n'}
[1.204114] (-) TimerEvent: {}
[1.304939] (-) TimerEvent: {}
[1.376418] (adi_imu) StdoutLine: {'line': b'-- Found rosidl_generator_c: 3.1.8 (/opt/ros/humble/share/rosidl_generator_c/cmake)\n'}
[1.383763] (adi_imu) StdoutLine: {'line': b'-- Found rosidl_adapter: 3.1.8 (/opt/ros/humble/share/rosidl_adapter/cmake)\n'}
[1.399447] (adi_imu) StdoutLine: {'line': b'-- Found rosidl_generator_cpp: 3.1.8 (/opt/ros/humble/share/rosidl_generator_cpp/cmake)\n'}
[1.405070] (-) TimerEvent: {}
[1.423901] (adi_imu) StdoutLine: {'line': b'-- Using all available rosidl_typesupport_c: rosidl_typesupport_fastrtps_c;rosidl_typesupport_introspection_c\n'}
[1.446979] (adi_imu) StdoutLine: {'line': b'-- Using all available rosidl_typesupport_cpp: rosidl_typesupport_fastrtps_cpp;rosidl_typesupport_introspection_cpp\n'}
[1.505406] (-) TimerEvent: {}
[1.506120] (adi_imu) StdoutLine: {'line': b'-- Found rmw_implementation_cmake: 6.1.2 (/opt/ros/humble/share/rmw_implementation_cmake/cmake)\n'}
[1.509776] (adi_imu) StdoutLine: {'line': b'-- Found rmw_fastrtps_cpp: 6.2.9 (/opt/ros/humble/share/rmw_fastrtps_cpp/cmake)\n'}
[1.605642] (-) TimerEvent: {}
[1.706320] (-) TimerEvent: {}
[1.807047] (-) TimerEvent: {}
[1.907752] (-) TimerEvent: {}
[2.008429] (-) TimerEvent: {}
[2.109112] (-) TimerEvent: {}
[2.209777] (-) TimerEvent: {}
[2.267623] (adi_imu) StdoutLine: {'line': b'-- Found OpenSSL: /usr/lib/x86_64-linux-gnu/libcrypto.so (found version "3.0.2")  \n'}
[2.309979] (-) TimerEvent: {}
[2.410542] (-) TimerEvent: {}
[2.511089] (-) TimerEvent: {}
[2.611664] (-) TimerEvent: {}
[2.712368] (-) TimerEvent: {}
[2.808685] (adi_imu) StdoutLine: {'line': b'-- Found FastRTPS: /opt/ros/humble/include  \n'}
[2.812655] (-) TimerEvent: {}
[2.913156] (-) TimerEvent: {}
[3.013826] (-) TimerEvent: {}
[3.114390] (-) TimerEvent: {}
[3.214973] (-) TimerEvent: {}
[3.315583] (-) TimerEvent: {}
[3.416186] (-) TimerEvent: {}
[3.516765] (-) TimerEvent: {}
[3.617448] (-) TimerEvent: {}
[3.718251] (-) TimerEvent: {}
[3.818940] (-) TimerEvent: {}
[3.919624] (-) TimerEvent: {}
[4.020324] (-) TimerEvent: {}
[4.121018] (-) TimerEvent: {}
[4.163195] (adi_imu) StdoutLine: {'line': b"-- Using RMW implementation 'rmw_fastrtps_cpp' as default\n"}
[4.184087] (adi_imu) StdoutLine: {'line': b'-- Looking for pthread.h\n'}
[4.221286] (-) TimerEvent: {}
[4.311308] (adi_imu) StdoutLine: {'line': b'-- Looking for pthread.h - found\n'}
[4.311924] (adi_imu) StdoutLine: {'line': b'-- Performing Test CMAKE_HAVE_LIBC_PTHREAD\n'}
[4.321461] (-) TimerEvent: {}
[4.420634] (adi_imu) StdoutLine: {'line': b'-- Performing Test CMAKE_HAVE_LIBC_PTHREAD - Success\n'}
[4.421615] (-) TimerEvent: {}
[4.421908] (adi_imu) StdoutLine: {'line': b'-- Found Threads: TRUE  \n'}
[4.499241] (adi_imu) StdoutLine: {'line': b'-- Found sensor_msgs: 4.9.0 (/opt/ros/humble/share/sensor_msgs/cmake)\n'}
[4.521762] (-) TimerEvent: {}
[4.538126] (adi_imu) StdoutLine: {'line': b'-- Found rosidl_default_generators: 1.2.0 (/opt/ros/humble/share/rosidl_default_generators/cmake)\n'}
[4.621987] (-) TimerEvent: {}
[4.722504] (-) TimerEvent: {}
[4.823015] (-) TimerEvent: {}
[4.860959] (adi_imu) StdoutLine: {'line': b'-- Found ament_cmake_ros: 0.10.0 (/opt/ros/humble/share/ament_cmake_ros/cmake)\n'}
[4.923244] (-) TimerEvent: {}
[5.023874] (-) TimerEvent: {}
[5.124432] (-) TimerEvent: {}
[5.225024] (-) TimerEvent: {}
[5.251423] (adi_imu) StdoutLine: {'line': b'-- Using all available rosidl_typesupport_c: rosidl_typesupport_fastrtps_c;rosidl_typesupport_introspection_c\n'}
[5.325388] (-) TimerEvent: {}
[5.418063] (adi_imu) StdoutLine: {'line': b'-- Using all available rosidl_typesupport_cpp: rosidl_typesupport_fastrtps_cpp;rosidl_typesupport_introspection_cpp\n'}
[5.425477] (-) TimerEvent: {}
[5.496740] (adi_imu) StdoutLine: {'line': b'-- Found PythonInterp: /usr/bin/python3 (found suitable version "3.10.12", minimum required is "3.6") \n'}
[5.500656] (adi_imu) StdoutLine: {'line': b'-- Found python_cmake_module: 0.10.0 (/opt/ros/humble/share/python_cmake_module/cmake)\n'}
[5.525595] (-) TimerEvent: {}
[5.626008] (-) TimerEvent: {}
[5.696260] (adi_imu) StdoutLine: {'line': b'-- Found PythonLibs: /usr/lib/x86_64-linux-gnu/libpython3.10.so (found suitable version "3.10.12", minimum required is "3.5") \n'}
[5.697135] (adi_imu) StdoutLine: {'line': b'-- Using PYTHON_EXECUTABLE: /usr/bin/python3\n'}
[5.697320] (adi_imu) StdoutLine: {'line': b'-- Using PYTHON_INCLUDE_DIRS: /usr/include/python3.10\n'}
[5.697407] (adi_imu) StdoutLine: {'line': b'-- Using PYTHON_LIBRARIES: /usr/lib/x86_64-linux-gnu/libpython3.10.so\n'}
[5.721297] (adi_imu) StdoutLine: {'line': b'-- Found PythonExtra: .so  \n'}
[5.726216] (-) TimerEvent: {}
[5.792846] (adi_imu) StdoutLine: {'line': b'-- Found ament_lint_auto: 0.12.14 (/opt/ros/humble/share/ament_lint_auto/cmake)\n'}
[5.826457] (-) TimerEvent: {}
[5.927108] (-) TimerEvent: {}
[6.027737] (-) TimerEvent: {}
[6.128336] (-) TimerEvent: {}
[6.228946] (-) TimerEvent: {}
[6.329615] (-) TimerEvent: {}
[6.430273] (-) TimerEvent: {}
[6.530928] (-) TimerEvent: {}
[6.631481] (-) TimerEvent: {}
[6.732127] (-) TimerEvent: {}
[6.832738] (-) TimerEvent: {}
[6.933383] (-) TimerEvent: {}
[7.034130] (-) TimerEvent: {}
[7.054751] (adi_imu) StdoutLine: {'line': b'-- Integration tests disabled. Set IMU_ROS2_ENABLE_HW_TESTS=1 environment variable to enable\n'}
[7.134363] (-) TimerEvent: {}
[7.141537] (adi_imu) StdoutLine: {'line': b"-- Added test 'lint_cmake' to check CMake code style\n"}
[7.147035] (adi_imu) StdoutLine: {'line': b"-- Added test 'xmllint' to check XML markup files\n"}
[7.150649] (adi_imu) StdoutLine: {'line': b'-- Configuring done\n'}
[7.206924] (adi_imu) StdoutLine: {'line': b'-- Generating done\n'}
[7.218204] (adi_imu) StdoutLine: {'line': b'-- Build files have been written to: /home/tudor/ROS_workspaces/adi_ros_dev/src/imu_ros2/build/adi_imu\n'}
[7.230045] (adi_imu) CommandEnded: {'returncode': 0}
[7.231083] (adi_imu) JobProgress: {'identifier': 'adi_imu', 'progress': 'build'}
[7.232936] (adi_imu) Command: {'cmd': ['/usr/bin/cmake', '--build', '/home/tudor/ROS_workspaces/adi_ros_dev/src/imu_ros2/build/adi_imu', '--', '-j16', '-l16'], 'cwd': '/home/tudor/ROS_workspaces/adi_ros_dev/src/imu_ros2/build/adi_imu', 'env': OrderedDict([('PYTHON_BASIC_REPL', '1'), ('LESSOPEN', '| /usr/bin/lesspipe %s'), ('USER', 'tudor'), ('GIT_ASKPASS', '/home/tudor/.vscode-server/bin/072586267e68ece9a47aa43f8c108e0dcbf44622/extensions/git/dist/askpass.sh'), ('SHLVL', '1'), ('LD_LIBRARY_PATH', '/usr/lib/x86_64-linux-gnu/gazebo-11/plugins:/opt/ros/humble/opt/rviz_ogre_vendor/lib:/opt/ros/humble/lib/x86_64-linux-gnu:/opt/ros/humble/lib'), ('MOTD_SHOWN', 'update-motd'), ('HOME', '/home/tudor'), ('OLDPWD', '/home/tudor/ROS_workspaces/adi_ros_dev'), ('TERM_PROGRAM_VERSION', '1.109.5'), ('VSCODE_IPC_HOOK_CLI', '/run/user/1000/vscode-ipc-3ee0448e-5e8d-4952-9f37-5bd2196f6e6c.sock'), ('ROS_PYTHON_VERSION', '3'), ('VSCODE_GIT_ASKPASS_MAIN', '/home/tudor/.vscode-server/bin/072586267e68ece9a47aa43f8c108e0dcbf44622/extensions/git/dist/askpass-main.js'), ('VSCODE_GIT_ASKPASS_NODE', '/home/tudor/.vscode-server/bin/072586267e68ece9a47aa43f8c108e0dcbf44622/node'), ('PYDEVD_DISABLE_FILE_VALIDATION', '1'), ('BUNDLED_DEBUGPY_PATH', '/home/tudor/.vscode-server/extensions/ms-python.debugpy-2025.18.0-linux-x64/bundled/libs/debugpy'), ('VSCODE_PYTHON_AUTOACTIVATE_GUARD', '1'), ('DBUS_SESSION_BUS_ADDRESS', 'unix:path=/run/user/1000/bus'), ('COLORTERM', 'truecolor'), ('WSL_DISTRO_NAME', 'Ubuntu-22.04'), ('_colcon_cd_root', '/opt/ros/humble/'), ('WAYLAND_DISPLAY', 'wayland-0'), ('ROS_DISTRO', 'humble'), ('LOGNAME', 'tudor'), ('NAME', 'HYB-M1Hx4yenj0N'), ('WSL_INTEROP', '/run/WSL/667_interop'), ('PULSE_SERVER', 'unix:/mnt/wslg/PulseServer'), ('_', '/usr/bin/colcon'), ('ROS_VERSION', '2'), ('CLAUDE_CODE_SSE_PORT', '16143'), ('TERM', 'xterm-256color'), ('ROS_LOCALHOST_ONLY', '0'), ('PATH', '/home/tudor/.vscode-server/data/User/globalStorage/github.copilot-chat/debugCommand:/home/tudor/.vscode-server/data/User/globalStorage/github.copilot-chat/copilotCli:/home/tudor/.vscode-server/bin/072586267e68ece9a47aa43f8c108e0dcbf44622/bin/remote-cli:/home/tudor/.local/bin:/opt/ros/humble/bin:/usr/local/sbin:/usr/local/bin:/usr/sbin:/usr/bin:/sbin:/bin:/usr/games:/usr/local/games:/usr/lib/wsl/lib:/mnt/c/WINDOWS/system32:/mnt/c/WINDOWS:/mnt/c/WINDOWS/System32/Wbem:/mnt/c/WINDOWS/System32/WindowsPowerShell/v1.0/:/mnt/c/WINDOWS/System32/OpenSSH/:/mnt/c/Program Files/MATLAB/R2025b/bin:/mnt/c/Program Files/Git/cmd:/mnt/c/Program Files/usbipd-win/:/mnt/c/Users/TAlineiP/AppData/Local/Microsoft/WindowsApps:/mnt/c/Users/TAlineiP/AppData/Local/Programs/Microsoft VS Code/bin:/snap/bin:/home/tudor/.vscode-server/extensions/ms-python.debugpy-2025.18.0-linux-x64/bundled/scripts/noConfigScripts'), ('XDG_RUNTIME_DIR', '/run/user/1000/'), ('DISPLAY', ':0'), ('VSCODE_DEBUGPY_ADAPTER_ENDPOINTS', '/home/tudor/.vscode-server/extensions/ms-python.debugpy-2025.18.0-linux-x64/.noConfigDebugAdapterEndpoints/endpoint-c9a4c1c03021b5da.txt'), ('LANG', 'en_US.UTF-8'), ('PYTHONSTARTUP', '/home/tudor/.vscode-server/data/User/workspaceStorage/bbcf92d1894d1c1fa1c499c1d5addfcc/ms-python.python/pythonrc.py'), ('LS_COLORS', 'rs=0:di=01;34:ln=01;36:mh=00:pi=40;33:so=01;35:do=01;35:bd=40;33;01:cd=40;33;01:or=40;31;01:mi=00:su=37;41:sg=30;43:ca=30;41:tw=30;42:ow=34;42:st=37;44:ex=01;32:*.tar=01;31:*.tgz=01;31:*.arc=01;31:*.arj=01;31:*.taz=01;31:*.lha=01;31:*.lz4=01;31:*.lzh=01;31:*.lzma=01;31:*.tlz=01;31:*.txz=01;31:*.tzo=01;31:*.t7z=01;31:*.zip=01;31:*.z=01;31:*.dz=01;31:*.gz=01;31:*.lrz=01;31:*.lz=01;31:*.lzo=01;31:*.xz=01;31:*.zst=01;31:*.tzst=01;31:*.bz2=01;31:*.bz=01;31:*.tbz=01;31:*.tbz2=01;31:*.tz=01;31:*.deb=01;31:*.rpm=01;31:*.jar=01;31:*.war=01;31:*.ear=01;31:*.sar=01;31:*.rar=01;31:*.alz=01;31:*.ace=01;31:*.zoo=01;31:*.cpio=01;31:*.7z=01;31:*.rz=01;31:*.cab=01;31:*.wim=01;31:*.swm=01;31:*.dwm=01;31:*.esd=01;31:*.jpg=01;35:*.jpeg=01;35:*.mjpg=01;35:*.mjpeg=01;35:*.gif=01;35:*.bmp=01;35:*.pbm=01;35:*.pgm=01;35:*.ppm=01;35:*.tga=01;35:*.xbm=01;35:*.xpm=01;35:*.tif=01;35:*.tiff=01;35:*.png=01;35:*.svg=01;35:*.svgz=01;35:*.mng=01;35:*.pcx=01;35:*.mov=01;35:*.mpg=01;35:*.mpeg=01;35:*.m2v=01;35:*.mkv=01;35:*.webm=01;35:*.webp=01;35:*.ogm=01;35:*.mp4=01;35:*.m4v=01;35:*.mp4v=01;35:*.vob=01;35:*.qt=01;35:*.nuv=01;35:*.wmv=01;35:*.asf=01;35:*.rm=01;35:*.rmvb=01;35:*.flc=01;35:*.avi=01;35:*.fli=01;35:*.flv=01;35:*.gl=01;35:*.dl=01;35:*.xcf=01;35:*.xwd=01;35:*.yuv=01;35:*.cgm=01;35:*.emf=01;35:*.ogv=01;35:*.ogx=01;35:*.aac=00;36:*.au=00;36:*.flac=00;36:*.m4a=00;36:*.mid=00;36:*.midi=00;36:*.mka=00;36:*.mp3=00;36:*.mpc=00;36:*.ogg=00;36:*.ra=00;36:*.wav=00;36:*.oga=00;36:*.opus=00;36:*.spx=00;36:*.xspf=00;36:'), ('VSCODE_GIT_IPC_HANDLE', '/run/user/1000/vscode-git-4cae890135.sock'), ('TERM_PROGRAM', 'vscode'), ('AMENT_PREFIX_PATH', '/opt/ros/humble'), ('SHELL', '/bin/bash'), ('LESSCLOSE', '/usr/bin/lesspipe %s %s'), ('VSCODE_GIT_ASKPASS_EXTRA_ARGS', ''), ('PWD', '/home/tudor/ROS_workspaces/adi_ros_dev/src/imu_ros2/build/adi_imu'), ('XDG_DATA_DIRS', '/usr/local/share:/usr/share:/var/lib/snapd/desktop'), ('PYTHONPATH', '/opt/ros/humble/lib/python3.10/site-packages:/opt/ros/humble/local/lib/python3.10/dist-packages'), ('COLCON', '1'), ('WSL2_GUI_APPS_ENABLED', '1'), ('HOSTTYPE', 'x86_64'), ('WSLENV', 'VSCODE_WSL_EXT_LOCATION/up'), ('CMAKE_PREFIX_PATH', '/opt/ros/humble')]), 'shell': False}
[7.234474] (-) TimerEvent: {}
[7.271661] (adi_imu) StdoutLine: {'line': b'[  1%] \x1b[34m\x1b[1mGenerating C code for ROS interfaces\x1b[0m\n'}
[7.280565] (adi_imu) StdoutLine: {'line': b'[  1%] \x1b[34m\x1b[1mGenerating C++ code for ROS interfaces\x1b[0m\n'}
[7.289270] (adi_imu) StdoutLine: {'line': b'[  1%] Built target ament_cmake_python_copy_adi_imu\n'}
[7.334715] (-) TimerEvent: {}
[7.435202] (-) TimerEvent: {}
[7.483655] (adi_imu) StdoutLine: {'line': b'running egg_info\n'}
[7.483956] (adi_imu) StdoutLine: {'line': b'creating adi_imu.egg-info\n'}
[7.484348] (adi_imu) StdoutLine: {'line': b'writing adi_imu.egg-info/PKG-INFO\n'}
[7.484838] (adi_imu) StdoutLine: {'line': b'writing dependency_links to adi_imu.egg-info/dependency_links.txt\n'}
[7.484898] (adi_imu) StdoutLine: {'line': b'writing top-level names to adi_imu.egg-info/top_level.txt\n'}
[7.485029] (adi_imu) StdoutLine: {'line': b"writing manifest file 'adi_imu.egg-info/SOURCES.txt'\n"}
[7.486473] (adi_imu) StdoutLine: {'line': b"reading manifest file 'adi_imu.egg-info/SOURCES.txt'\n"}
[7.487083] (adi_imu) StdoutLine: {'line': b"writing manifest file 'adi_imu.egg-info/SOURCES.txt'\n"}
[7.508391] (adi_imu) StdoutLine: {'line': b'[  1%] Built target ament_cmake_python_build_adi_imu_egg\n'}
[7.535463] (-) TimerEvent: {}
[7.635986] (-) TimerEvent: {}
[7.736521] (-) TimerEvent: {}
[7.837115] (-) TimerEvent: {}
[7.937667] (-) TimerEvent: {}
[8.038258] (-) TimerEvent: {}
[8.139290] (-) TimerEvent: {}
[8.239804] (-) TimerEvent: {}
[8.340319] (-) TimerEvent: {}
[8.440899] (-) TimerEvent: {}
[8.541513] (-) TimerEvent: {}
[8.612845] (adi_imu) StdoutLine: {'line': b'[  3%] \x1b[32mBuilding C object CMakeFiles/adi_imu__rosidl_generator_c.dir/rosidl_generator_c/adi_imu/msg/detail/imu_diag_data_adis1646_x__functions.c.o\x1b[0m\n'}
[8.613099] (adi_imu) StdoutLine: {'line': b'[  3%] \x1b[32mBuilding C object CMakeFiles/adi_imu__rosidl_generator_c.dir/rosidl_generator_c/adi_imu/msg/detail/imu_diag_data_adis1647_x__functions.c.o\x1b[0m\n'}
[8.613205] (adi_imu) StdoutLine: {'line': b'[  3%] \x1b[32mBuilding C object CMakeFiles/adi_imu__rosidl_generator_c.dir/rosidl_generator_c/adi_imu/msg/detail/accel_gyro_temp_data__functions.c.o\x1b[0m\n'}
[8.614861] (adi_imu) StdoutLine: {'line': b'[  3%] \x1b[32mBuilding C object CMakeFiles/adi_imu__rosidl_generator_c.dir/rosidl_generator_c/adi_imu/msg/detail/imu_diag_data_adis1654_x__functions.c.o\x1b[0m\n'}
[8.618020] (adi_imu) StdoutLine: {'line': b'[  4%] \x1b[32mBuilding C object CMakeFiles/adi_imu__rosidl_generator_c.dir/rosidl_generator_c/adi_imu/msg/detail/imu_diag_data_adis1650_x__functions.c.o\x1b[0m\n'}
[8.624385] (adi_imu) StdoutLine: {'line': b'[  5%] \x1b[32mBuilding C object CMakeFiles/adi_imu__rosidl_generator_c.dir/rosidl_generator_c/adi_imu/msg/detail/imu_diag_data_adis1655_x__functions.c.o\x1b[0m\n'}
[8.624721] (adi_imu) StdoutLine: {'line': b'[  6%] \x1b[32mBuilding C object CMakeFiles/adi_imu__rosidl_generator_c.dir/rosidl_generator_c/adi_imu/msg/detail/imu_diag_data_adis1657_x__functions.c.o\x1b[0m\n'}
[8.624792] (adi_imu) StdoutLine: {'line': b'[  6%] \x1b[32mBuilding C object CMakeFiles/adi_imu__rosidl_generator_c.dir/rosidl_generator_c/adi_imu/msg/detail/imu_identification_data__functions.c.o\x1b[0m\n'}
[8.632854] (adi_imu) StdoutLine: {'line': b'[  8%] \x1b[32mBuilding C object CMakeFiles/adi_imu__rosidl_generator_c.dir/rosidl_generator_c/adi_imu/msg/detail/imu_full_measured_data__functions.c.o\x1b[0m\n'}
[8.633143] (adi_imu) StdoutLine: {'line': b'[  8%] \x1b[32mBuilding C object CMakeFiles/adi_imu__rosidl_generator_c.dir/rosidl_generator_c/adi_imu/msg/detail/vel_ang_temp_data__functions.c.o\x1b[0m\n'}
[8.641706] (-) TimerEvent: {}
[8.669698] (adi_imu) StdoutLine: {'line': b'[  8%] Built target adi_imu__cpp\n'}
[8.683087] (adi_imu) StdoutLine: {'line': b'[  9%] \x1b[34m\x1b[1mGenerating C++ type support dispatch for ROS interfaces\x1b[0m\n'}
[8.687203] (adi_imu) StdoutLine: {'line': b'[ 10%] \x1b[34m\x1b[1mGenerating C++ introspection for ROS interfaces\x1b[0m\n'}
[8.687517] (adi_imu) StdoutLine: {'line': b'[ 10%] \x1b[34m\x1b[1mGenerating C++ type support for eProsima Fast-RTPS\x1b[0m\n'}
[8.700166] (adi_imu) StdoutLine: {'line': b'[ 11%] \x1b[32m\x1b[1mLinking C shared library libadi_imu__rosidl_generator_c.so\x1b[0m\n'}
[8.741883] (-) TimerEvent: {}
[8.771682] (adi_imu) StdoutLine: {'line': b'[ 11%] Built target adi_imu__rosidl_generator_c\n'}
[8.780667] (adi_imu) StdoutLine: {'line': b'[ 13%] \x1b[34m\x1b[1mGenerating C type support for eProsima Fast-RTPS\x1b[0m\n'}
[8.780879] (adi_imu) StdoutLine: {'line': b'[ 13%] \x1b[34m\x1b[1mGenerating C type support dispatch for ROS interfaces\x1b[0m\n'}
[8.780925] (adi_imu) StdoutLine: {'line': b'[ 13%] \x1b[34m\x1b[1mGenerating C introspection for ROS interfaces\x1b[0m\n'}
[8.842071] (-) TimerEvent: {}
[8.942689] (-) TimerEvent: {}
[9.043529] (-) TimerEvent: {}
[9.144111] (-) TimerEvent: {}
[9.244682] (-) TimerEvent: {}
[9.345276] (-) TimerEvent: {}
[9.445897] (-) TimerEvent: {}
[9.546441] (-) TimerEvent: {}
[9.647391] (-) TimerEvent: {}
[9.748117] (-) TimerEvent: {}
[9.851181] (-) TimerEvent: {}
[9.852276] (adi_imu) StdoutLine: {'line': b'[ 14%] \x1b[32mBuilding CXX object CMakeFiles/adi_imu__rosidl_typesupport_cpp.dir/rosidl_typesupport_cpp/adi_imu/msg/accel_gyro_temp_data__type_support.cpp.o\x1b[0m\n'}
[9.852812] (adi_imu) StdoutLine: {'line': b'[ 14%] \x1b[32mBuilding CXX object CMakeFiles/adi_imu__rosidl_typesupport_cpp.dir/rosidl_typesupport_cpp/adi_imu/msg/imu_diag_data_adis1657_x__type_support.cpp.o\x1b[0m\n'}
[9.852973] (adi_imu) StdoutLine: {'line': b'[ 15%] \x1b[32mBuilding CXX object CMakeFiles/adi_imu__rosidl_typesupport_cpp.dir/rosidl_typesupport_cpp/adi_imu/msg/imu_diag_data_adis1646_x__type_support.cpp.o\x1b[0m\n'}
[9.853101] (adi_imu) StdoutLine: {'line': b'[ 16%] \x1b[32mBuilding CXX object CMakeFiles/adi_imu__rosidl_typesupport_cpp.dir/rosidl_typesupport_cpp/adi_imu/msg/imu_full_measured_data__type_support.cpp.o\x1b[0m\n'}
[9.855663] (adi_imu) StdoutLine: {'line': b'[ 14%] \x1b[32mBuilding CXX object CMakeFiles/adi_imu__rosidl_typesupport_cpp.dir/rosidl_typesupport_cpp/adi_imu/msg/imu_diag_data_adis1647_x__type_support.cpp.o\x1b[0m\n'}
[9.855875] (adi_imu) StdoutLine: {'line': b'[ 17%] \x1b[32mBuilding CXX object CMakeFiles/adi_imu__rosidl_typesupport_cpp.dir/rosidl_typesupport_cpp/adi_imu/msg/imu_diag_data_adis1654_x__type_support.cpp.o\x1b[0m\n'}
[9.856141] (adi_imu) StdoutLine: {'line': b'[ 19%] \x1b[32mBuilding CXX object CMakeFiles/adi_imu__rosidl_typesupport_cpp.dir/rosidl_typesupport_cpp/adi_imu/msg/imu_diag_data_adis1655_x__type_support.cpp.o\x1b[0m\n'}
[9.856200] (adi_imu) StdoutLine: {'line': b'[ 19%] \x1b[32mBuilding CXX object CMakeFiles/adi_imu__rosidl_typesupport_cpp.dir/rosidl_typesupport_cpp/adi_imu/msg/imu_diag_data_adis1650_x__type_support.cpp.o\x1b[0m\n'}
[9.856251] (adi_imu) StdoutLine: {'line': b'[ 20%] \x1b[32mBuilding CXX object CMakeFiles/adi_imu__rosidl_typesupport_cpp.dir/rosidl_typesupport_cpp/adi_imu/msg/imu_identification_data__type_support.cpp.o\x1b[0m\n'}
[9.856286] (adi_imu) StdoutLine: {'line': b'[ 21%] \x1b[32mBuilding CXX object CMakeFiles/adi_imu__rosidl_typesupport_cpp.dir/rosidl_typesupport_cpp/adi_imu/msg/vel_ang_temp_data__type_support.cpp.o\x1b[0m\n'}
[9.953397] (-) TimerEvent: {}
[10.000429] (adi_imu) StdoutLine: {'line': b'[ 21%] \x1b[32mBuilding CXX object CMakeFiles/adi_imu__rosidl_typesupport_introspection_cpp.dir/rosidl_typesupport_introspection_cpp/adi_imu/msg/detail/accel_gyro_temp_data__type_support.cpp.o\x1b[0m\n'}
[10.049253] (adi_imu) StdoutLine: {'line': b'[ 22%] \x1b[32mBuilding CXX object CMakeFiles/adi_imu__rosidl_typesupport_introspection_cpp.dir/rosidl_typesupport_introspection_cpp/adi_imu/msg/detail/imu_diag_data_adis1646_x__type_support.cpp.o\x1b[0m\n'}
[10.053540] (-) TimerEvent: {}
[10.108333] (adi_imu) StdoutLine: {'line': b'[ 23%] \x1b[32mBuilding CXX object CMakeFiles/adi_imu__rosidl_typesupport_c.dir/rosidl_typesupport_c/adi_imu/msg/accel_gyro_temp_data__type_support.cpp.o\x1b[0m\n'}
[10.155657] (-) TimerEvent: {}
[10.189060] (adi_imu) StdoutLine: {'line': b'[ 23%] \x1b[32mBuilding CXX object CMakeFiles/adi_imu__rosidl_typesupport_c.dir/rosidl_typesupport_c/adi_imu/msg/imu_diag_data_adis1646_x__type_support.cpp.o\x1b[0m\n'}
[10.240316] (adi_imu) StdoutLine: {'line': b'[ 24%] \x1b[32mBuilding CXX object CMakeFiles/adi_imu__rosidl_typesupport_c.dir/rosidl_typesupport_c/adi_imu/msg/imu_diag_data_adis1647_x__type_support.cpp.o\x1b[0m\n'}
[10.255811] (-) TimerEvent: {}
[10.256781] (adi_imu) StdoutLine: {'line': b'[ 25%] \x1b[32mBuilding CXX object CMakeFiles/adi_imu__rosidl_typesupport_introspection_cpp.dir/rosidl_typesupport_introspection_cpp/adi_imu/msg/detail/imu_diag_data_adis1647_x__type_support.cpp.o\x1b[0m\n'}
[10.256989] (adi_imu) StdoutLine: {'line': b'[ 25%] \x1b[32mBuilding CXX object CMakeFiles/adi_imu__rosidl_typesupport_c.dir/rosidl_typesupport_c/adi_imu/msg/imu_diag_data_adis1654_x__type_support.cpp.o\x1b[0m\n'}
[10.257638] (adi_imu) StdoutLine: {'line': b'[ 26%] \x1b[32mBuilding CXX object CMakeFiles/adi_imu__rosidl_typesupport_c.dir/rosidl_typesupport_c/adi_imu/msg/imu_diag_data_adis1650_x__type_support.cpp.o\x1b[0m\n'}
[10.269738] (adi_imu) StdoutLine: {'line': b'[ 27%] \x1b[32mBuilding CXX object CMakeFiles/adi_imu__rosidl_typesupport_c.dir/rosidl_typesupport_c/adi_imu/msg/imu_diag_data_adis1655_x__type_support.cpp.o\x1b[0m\n'}
[10.272763] (adi_imu) StdoutLine: {'line': b'[ 28%] \x1b[32mBuilding CXX object CMakeFiles/adi_imu__rosidl_typesupport_c.dir/rosidl_typesupport_c/adi_imu/msg/imu_diag_data_adis1657_x__type_support.cpp.o\x1b[0m\n'}
[10.278417] (adi_imu) StdoutLine: {'line': b'[ 29%] \x1b[32mBuilding CXX object CMakeFiles/adi_imu__rosidl_typesupport_introspection_cpp.dir/rosidl_typesupport_introspection_cpp/adi_imu/msg/detail/imu_diag_data_adis1650_x__type_support.cpp.o\x1b[0m\n'}
[10.289282] (adi_imu) StdoutLine: {'line': b'[ 30%] \x1b[32mBuilding CXX object CMakeFiles/adi_imu__rosidl_typesupport_c.dir/rosidl_typesupport_c/adi_imu/msg/imu_full_measured_data__type_support.cpp.o\x1b[0m\n'}
[10.289493] (adi_imu) StdoutLine: {'line': b'[ 30%] \x1b[32mBuilding CXX object CMakeFiles/adi_imu__rosidl_typesupport_introspection_cpp.dir/rosidl_typesupport_introspection_cpp/adi_imu/msg/detail/imu_diag_data_adis1654_x__type_support.cpp.o\x1b[0m\n'}
[10.291966] (adi_imu) StdoutLine: {'line': b'[ 32%] \x1b[32mBuilding CXX object CMakeFiles/adi_imu__rosidl_typesupport_introspection_cpp.dir/rosidl_typesupport_introspection_cpp/adi_imu/msg/detail/imu_diag_data_adis1655_x__type_support.cpp.o\x1b[0m\n'}
[10.292101] (adi_imu) StdoutLine: {'line': b'[ 32%] \x1b[32mBuilding CXX object CMakeFiles/adi_imu__rosidl_typesupport_introspection_cpp.dir/rosidl_typesupport_introspection_cpp/adi_imu/msg/detail/imu_diag_data_adis1657_x__type_support.cpp.o\x1b[0m\n'}
[10.294549] (adi_imu) StdoutLine: {'line': b'[ 33%] \x1b[32mBuilding CXX object CMakeFiles/adi_imu__rosidl_typesupport_introspection_cpp.dir/rosidl_typesupport_introspection_cpp/adi_imu/msg/detail/imu_full_measured_data__type_support.cpp.o\x1b[0m\n'}
[10.295044] (adi_imu) StdoutLine: {'line': b'[ 34%] \x1b[32mBuilding CXX object CMakeFiles/adi_imu__rosidl_typesupport_fastrtps_cpp.dir/rosidl_typesupport_fastrtps_cpp/adi_imu/msg/detail/dds_fastrtps/accel_gyro_temp_data__type_support.cpp.o\x1b[0m\n'}
[10.295592] (adi_imu) StdoutLine: {'line': b'[ 34%] \x1b[32m\x1b[1mLinking CXX shared library libadi_imu__rosidl_typesupport_cpp.so\x1b[0m\n'}
[10.312711] (adi_imu) StdoutLine: {'line': b'[ 34%] \x1b[32mBuilding CXX object CMakeFiles/adi_imu__rosidl_typesupport_c.dir/rosidl_typesupport_c/adi_imu/msg/imu_identification_data__type_support.cpp.o\x1b[0m\n'}
[10.320382] (adi_imu) StdoutLine: {'line': b'[ 35%] \x1b[32mBuilding C object CMakeFiles/adi_imu__rosidl_typesupport_introspection_c.dir/rosidl_typesupport_introspection_c/adi_imu/msg/detail/accel_gyro_temp_data__type_support.c.o\x1b[0m\n'}
[10.321285] (adi_imu) StdoutLine: {'line': b'[ 35%] \x1b[32mBuilding CXX object CMakeFiles/adi_imu__rosidl_typesupport_introspection_cpp.dir/rosidl_typesupport_introspection_cpp/adi_imu/msg/detail/imu_identification_data__type_support.cpp.o\x1b[0m\n'}
[10.323032] (adi_imu) StdoutLine: {'line': b'[ 36%] \x1b[32mBuilding CXX object CMakeFiles/adi_imu__rosidl_typesupport_c.dir/rosidl_typesupport_c/adi_imu/msg/vel_ang_temp_data__type_support.cpp.o\x1b[0m\n'}
[10.338120] (adi_imu) StdoutLine: {'line': b'[ 37%] \x1b[32mBuilding C object CMakeFiles/adi_imu__rosidl_typesupport_introspection_c.dir/rosidl_typesupport_introspection_c/adi_imu/msg/detail/imu_diag_data_adis1646_x__type_support.c.o\x1b[0m\n'}
[10.350511] (adi_imu) StdoutLine: {'line': b'[ 38%] \x1b[32mBuilding C object CMakeFiles/adi_imu__rosidl_typesupport_introspection_c.dir/rosidl_typesupport_introspection_c/adi_imu/msg/detail/imu_diag_data_adis1647_x__type_support.c.o\x1b[0m\n'}
[10.355966] (-) TimerEvent: {}
[10.379344] (adi_imu) StdoutLine: {'line': b'[ 39%] \x1b[32m\x1b[1mLinking CXX shared library libadi_imu__rosidl_typesupport_c.so\x1b[0m\n'}
[10.394536] (adi_imu) StdoutLine: {'line': b'[ 39%] \x1b[32mBuilding C object CMakeFiles/adi_imu__rosidl_typesupport_introspection_c.dir/rosidl_typesupport_introspection_c/adi_imu/msg/detail/imu_diag_data_adis1650_x__type_support.c.o\x1b[0m\n'}
[10.396628] (adi_imu) StdoutLine: {'line': b'[ 40%] \x1b[32mBuilding CXX object CMakeFiles/adi_imu__rosidl_typesupport_fastrtps_cpp.dir/rosidl_typesupport_fastrtps_cpp/adi_imu/msg/detail/dds_fastrtps/imu_diag_data_adis1647_x__type_support.cpp.o\x1b[0m\n'}
[10.403937] (adi_imu) StdoutLine: {'line': b'[ 41%] \x1b[32mBuilding CXX object CMakeFiles/adi_imu__rosidl_typesupport_fastrtps_cpp.dir/rosidl_typesupport_fastrtps_cpp/adi_imu/msg/detail/dds_fastrtps/imu_diag_data_adis1646_x__type_support.cpp.o\x1b[0m\n'}
[10.439295] (adi_imu) StdoutLine: {'line': b'[ 42%] \x1b[32mBuilding C object CMakeFiles/adi_imu__rosidl_typesupport_introspection_c.dir/rosidl_typesupport_introspection_c/adi_imu/msg/detail/imu_diag_data_adis1654_x__type_support.c.o\x1b[0m\n'}
[10.439526] (adi_imu) StdoutLine: {'line': b'[ 43%] \x1b[32mBuilding CXX object CMakeFiles/adi_imu__rosidl_typesupport_fastrtps_c.dir/rosidl_typesupport_fastrtps_c/adi_imu/msg/detail/accel_gyro_temp_data__type_support_c.cpp.o\x1b[0m\n'}
[10.456101] (-) TimerEvent: {}
[10.479479] (adi_imu) StdoutLine: {'line': b'[ 43%] Built target adi_imu__rosidl_typesupport_cpp\n'}
[10.496286] (adi_imu) StdoutLine: {'line': b'[ 44%] \x1b[32mBuilding C object CMakeFiles/adi_imu__rosidl_typesupport_introspection_c.dir/rosidl_typesupport_introspection_c/adi_imu/msg/detail/imu_diag_data_adis1655_x__type_support.c.o\x1b[0m\n'}
[10.521035] (adi_imu) StdoutLine: {'line': b'[ 45%] \x1b[32mBuilding CXX object CMakeFiles/adi_imu_node.dir/src/accelgyrotemp_data_provider.cpp.o\x1b[0m\n'}
[10.540565] (adi_imu) StdoutLine: {'line': b'[ 46%] \x1b[32mBuilding CXX object CMakeFiles/adi_imu__rosidl_typesupport_introspection_cpp.dir/rosidl_typesupport_introspection_cpp/adi_imu/msg/detail/vel_ang_temp_data__type_support.cpp.o\x1b[0m\n'}
[10.556242] (-) TimerEvent: {}
[10.567237] (adi_imu) StdoutLine: {'line': b'[ 46%] \x1b[32mBuilding C object CMakeFiles/adi_imu__rosidl_typesupport_introspection_c.dir/rosidl_typesupport_introspection_c/adi_imu/msg/detail/imu_diag_data_adis1657_x__type_support.c.o\x1b[0m\n'}
[10.574590] (adi_imu) StdoutLine: {'line': b'[ 46%] Built target adi_imu__rosidl_typesupport_c\n'}
[10.586465] (adi_imu) StdoutLine: {'line': b'[ 46%] \x1b[32mBuilding CXX object CMakeFiles/adi_imu_node.dir/src/accelgyrotemp_ros_publisher.cpp.o\x1b[0m\n'}
[10.626718] (adi_imu) StdoutLine: {'line': b'[ 46%] \x1b[32mBuilding CXX object CMakeFiles/adi_imu__rosidl_typesupport_fastrtps_cpp.dir/rosidl_typesupport_fastrtps_cpp/adi_imu/msg/detail/dds_fastrtps/imu_diag_data_adis1650_x__type_support.cpp.o\x1b[0m\n'}
[10.630125] (adi_imu) StdoutLine: {'line': b'[ 47%] \x1b[32mBuilding C object CMakeFiles/adi_imu__rosidl_typesupport_introspection_c.dir/rosidl_typesupport_introspection_c/adi_imu/msg/detail/imu_full_measured_data__type_support.c.o\x1b[0m\n'}
[10.656386] (-) TimerEvent: {}
[10.695702] (adi_imu) StdoutLine: {'line': b'[ 48%] \x1b[32mBuilding C object CMakeFiles/adi_imu__rosidl_typesupport_introspection_c.dir/rosidl_typesupport_introspection_c/adi_imu/msg/detail/imu_identification_data__type_support.c.o\x1b[0m\n'}
[10.747098] (adi_imu) StdoutLine: {'line': b'[ 49%] \x1b[32mBuilding C object CMakeFiles/adi_imu__rosidl_typesupport_introspection_c.dir/rosidl_typesupport_introspection_c/adi_imu/msg/detail/vel_ang_temp_data__type_support.c.o\x1b[0m\n'}
[10.756550] (-) TimerEvent: {}
[10.799017] (adi_imu) StdoutLine: {'line': b'[ 50%] \x1b[32mBuilding CXX object CMakeFiles/adi_imu__rosidl_typesupport_fastrtps_c.dir/rosidl_typesupport_fastrtps_c/adi_imu/msg/detail/imu_diag_data_adis1646_x__type_support_c.cpp.o\x1b[0m\n'}
[10.802291] (adi_imu) StdoutLine: {'line': b'[ 50%] \x1b[32m\x1b[1mLinking C shared library libadi_imu__rosidl_typesupport_introspection_c.so\x1b[0m\n'}
[10.810208] (adi_imu) StdoutLine: {'line': b'[ 51%] \x1b[32mBuilding CXX object CMakeFiles/adi_imu__rosidl_typesupport_fastrtps_cpp.dir/rosidl_typesupport_fastrtps_cpp/adi_imu/msg/detail/dds_fastrtps/imu_diag_data_adis1654_x__type_support.cpp.o\x1b[0m\n'}
[10.816937] (adi_imu) StdoutLine: {'line': b'[ 52%] \x1b[32mBuilding CXX object CMakeFiles/adi_imu_node.dir/src/adis1646x_register_map.cpp.o\x1b[0m\n'}
[10.844374] (adi_imu) StdoutLine: {'line': b'[ 53%] \x1b[32mBuilding CXX object CMakeFiles/adi_imu__rosidl_typesupport_fastrtps_cpp.dir/rosidl_typesupport_fastrtps_cpp/adi_imu/msg/detail/dds_fastrtps/imu_diag_data_adis1655_x__type_support.cpp.o\x1b[0m\n'}
[10.856691] (-) TimerEvent: {}
[10.870434] (adi_imu) StdoutLine: {'line': b'[ 54%] \x1b[32mBuilding CXX object CMakeFiles/adi_imu_node.dir/src/adis1650x_register_map.cpp.o\x1b[0m\n'}
[10.872985] (adi_imu) StdoutLine: {'line': b'[ 54%] \x1b[32mBuilding CXX object CMakeFiles/adi_imu__rosidl_typesupport_fastrtps_c.dir/rosidl_typesupport_fastrtps_c/adi_imu/msg/detail/imu_diag_data_adis1647_x__type_support_c.cpp.o\x1b[0m\n'}
[10.873298] (adi_imu) StdoutLine: {'line': b'[ 55%] \x1b[32mBuilding CXX object CMakeFiles/adi_imu_node.dir/src/adis1647x_register_map.cpp.o\x1b[0m\n'}
[10.882723] (adi_imu) StdoutLine: {'line': b'[ 56%] \x1b[32mBuilding CXX object CMakeFiles/adi_imu__rosidl_typesupport_fastrtps_cpp.dir/rosidl_typesupport_fastrtps_cpp/adi_imu/msg/detail/dds_fastrtps/imu_diag_data_adis1657_x__type_support.cpp.o\x1b[0m\n'}
[10.891102] (adi_imu) StdoutLine: {'line': b'[ 56%] Built target adi_imu__rosidl_typesupport_introspection_c\n'}
[10.907887] (adi_imu) StdoutLine: {'line': b'[ 56%] \x1b[32mBuilding CXX object CMakeFiles/adi_imu_node.dir/src/adis1654x_register_map.cpp.o\x1b[0m\n'}
[10.953640] (adi_imu) StdoutLine: {'line': b'[ 57%] \x1b[32mBuilding CXX object CMakeFiles/adi_imu__rosidl_typesupport_fastrtps_cpp.dir/rosidl_typesupport_fastrtps_cpp/adi_imu/msg/detail/dds_fastrtps/imu_identification_data__type_support.cpp.o\x1b[0m\n'}
[10.953890] (adi_imu) StdoutLine: {'line': b'[ 57%] \x1b[32mBuilding CXX object CMakeFiles/adi_imu__rosidl_typesupport_fastrtps_cpp.dir/rosidl_typesupport_fastrtps_cpp/adi_imu/msg/detail/dds_fastrtps/imu_full_measured_data__type_support.cpp.o\x1b[0m\n'}
[10.956844] (-) TimerEvent: {}
[10.981347] (adi_imu) StdoutLine: {'line': b'[ 58%] \x1b[32mBuilding CXX object CMakeFiles/adi_imu_node.dir/src/adis1655x_register_map.cpp.o\x1b[0m\n'}
[11.052154] (adi_imu) StdoutLine: {'line': b'[ 59%] \x1b[32m\x1b[1mLinking CXX shared library libadi_imu__rosidl_typesupport_introspection_cpp.so\x1b[0m\n'}
[11.057000] (-) TimerEvent: {}
[11.155251] (adi_imu) StdoutLine: {'line': b'[ 60%] \x1b[32mBuilding CXX object CMakeFiles/adi_imu__rosidl_typesupport_fastrtps_cpp.dir/rosidl_typesupport_fastrtps_cpp/adi_imu/msg/detail/dds_fastrtps/vel_ang_temp_data__type_support.cpp.o\x1b[0m\n'}
[11.157119] (-) TimerEvent: {}
[11.169257] (adi_imu) StdoutLine: {'line': b'[ 60%] Built target adi_imu__rosidl_typesupport_introspection_cpp\n'}
[11.181424] (adi_imu) StdoutLine: {'line': b'[ 61%] \x1b[32mBuilding CXX object CMakeFiles/adi_imu__rosidl_typesupport_fastrtps_c.dir/rosidl_typesupport_fastrtps_c/adi_imu/msg/detail/imu_diag_data_adis1650_x__type_support_c.cpp.o\x1b[0m\n'}
[11.257281] (-) TimerEvent: {}
[11.269388] (adi_imu) StdoutLine: {'line': b'[ 62%] \x1b[32mBuilding CXX object CMakeFiles/adi_imu__rosidl_typesupport_fastrtps_c.dir/rosidl_typesupport_fastrtps_c/adi_imu/msg/detail/imu_diag_data_adis1654_x__type_support_c.cpp.o\x1b[0m\n'}
[11.304260] (adi_imu) StdoutLine: {'line': b'[ 63%] \x1b[32mBuilding CXX object CMakeFiles/adi_imu_node.dir/src/adis1657x_register_map.cpp.o\x1b[0m\n'}
[11.333183] (adi_imu) StdoutLine: {'line': b'[ 63%] \x1b[32mBuilding CXX object CMakeFiles/adi_imu_node.dir/src/adis_device_factory.cpp.o\x1b[0m\n'}
[11.357506] (-) TimerEvent: {}
[11.364892] (adi_imu) StdoutLine: {'line': b'[ 64%] \x1b[32mBuilding CXX object CMakeFiles/adi_imu_node.dir/src/adis_register_map.cpp.o\x1b[0m\n'}
[11.367938] (adi_imu) StdoutLine: {'line': b'[ 64%] \x1b[32mBuilding CXX object CMakeFiles/adi_imu__rosidl_typesupport_fastrtps_c.dir/rosidl_typesupport_fastrtps_c/adi_imu/msg/detail/imu_diag_data_adis1655_x__type_support_c.cpp.o\x1b[0m\n'}
[11.446991] (adi_imu) StdoutLine: {'line': b'[ 65%] \x1b[32mBuilding CXX object CMakeFiles/adi_imu_node.dir/src/ewma_covariance_provider.cpp.o\x1b[0m\n'}
[11.454419] (adi_imu) StdoutLine: {'line': b'[ 66%] \x1b[32mBuilding CXX object CMakeFiles/adi_imu__rosidl_typesupport_fastrtps_c.dir/rosidl_typesupport_fastrtps_c/adi_imu/msg/detail/imu_diag_data_adis1657_x__type_support_c.cpp.o\x1b[0m\n'}
[11.457634] (-) TimerEvent: {}
[11.558048] (-) TimerEvent: {}
[11.616156] (adi_imu) StdoutLine: {'line': b'[ 67%] \x1b[32mBuilding CXX object CMakeFiles/adi_imu_node.dir/src/iio_wrapper.cpp.o\x1b[0m\n'}
[11.658184] (-) TimerEvent: {}
[11.666093] (adi_imu) StdoutLine: {'line': b'[ 68%] \x1b[32m\x1b[1mLinking CXX shared library libadi_imu__rosidl_typesupport_fastrtps_cpp.so\x1b[0m\n'}
[11.706191] (adi_imu) StdoutLine: {'line': b'[ 69%] \x1b[32mBuilding CXX object CMakeFiles/adi_imu__rosidl_typesupport_fastrtps_c.dir/rosidl_typesupport_fastrtps_c/adi_imu/msg/detail/imu_full_measured_data__type_support_c.cpp.o\x1b[0m\n'}
[11.730310] (adi_imu) StdoutLine: {'line': b'[ 70%] \x1b[32mBuilding CXX object CMakeFiles/adi_imu__rosidl_typesupport_fastrtps_c.dir/rosidl_typesupport_fastrtps_c/adi_imu/msg/detail/imu_identification_data__type_support_c.cpp.o\x1b[0m\n'}
[11.745330] (adi_imu) StdoutLine: {'line': b'[ 70%] \x1b[32mBuilding CXX object CMakeFiles/adi_imu__rosidl_typesupport_fastrtps_c.dir/rosidl_typesupport_fastrtps_c/adi_imu/msg/detail/vel_ang_temp_data__type_support_c.cpp.o\x1b[0m\n'}
[11.758318] (-) TimerEvent: {}
[11.796340] (adi_imu) StdoutLine: {'line': b'[ 70%] \x1b[32mBuilding CXX object CMakeFiles/adi_imu_node.dir/src/imu_control_parameters.cpp.o\x1b[0m\n'}
[11.803074] (adi_imu) StdoutLine: {'line': b'[ 71%] \x1b[32mBuilding CXX object CMakeFiles/adi_imu_node.dir/src/imu_covariance_factory.cpp.o\x1b[0m\n'}
[11.807760] (adi_imu) StdoutLine: {'line': b'[ 72%] \x1b[32mBuilding CXX object CMakeFiles/adi_imu_node.dir/src/imu_diag_data_provider.cpp.o\x1b[0m\n'}
[11.809262] (adi_imu) StdoutLine: {'line': b'[ 73%] \x1b[32mBuilding CXX object CMakeFiles/adi_imu_node.dir/src/imu_data_provider.cpp.o\x1b[0m\n'}
[11.822019] (adi_imu) StdoutLine: {'line': b'[ 73%] Built target adi_imu__rosidl_typesupport_fastrtps_cpp\n'}
[11.845521] (adi_imu) StdoutLine: {'line': b'[ 73%] \x1b[32mBuilding CXX object CMakeFiles/adi_imu_node.dir/src/imu_full_measured_data_provider.cpp.o\x1b[0m\n'}
[11.863988] (-) TimerEvent: {}
[11.895722] (adi_imu) StdoutLine: {'line': b'[ 74%] \x1b[32mBuilding CXX object CMakeFiles/adi_imu_node.dir/src/imu_full_measured_data_ros_publisher.cpp.o\x1b[0m\n'}
[11.926654] (adi_imu) StdoutLine: {'line': b'[ 75%] \x1b[32mBuilding CXX object CMakeFiles/adi_imu_node.dir/src/imu_identification_data_provider.cpp.o\x1b[0m\n'}
[11.964144] (-) TimerEvent: {}
[12.064588] (-) TimerEvent: {}
[12.177361] (-) TimerEvent: {}
[12.179264] (adi_imu) StdoutLine: {'line': b'[ 76%] \x1b[32mBuilding CXX object CMakeFiles/adi_imu_node.dir/src/imu_identification_ros_publisher.cpp.o\x1b[0m\n'}
[12.184069] (adi_imu) StdoutLine: {'line': b'[ 76%] \x1b[32mBuilding CXX object CMakeFiles/adi_imu_node.dir/src/imu_ros2_node.cpp.o\x1b[0m\n'}
[12.195508] (adi_imu) StdoutLine: {'line': b'[ 77%] \x1b[32m\x1b[1mLinking CXX shared library libadi_imu__rosidl_typesupport_fastrtps_c.so\x1b[0m\n'}
[12.278280] (-) TimerEvent: {}
[12.378246] (adi_imu) StdoutLine: {'line': b'[ 78%] \x1b[32mBuilding CXX object CMakeFiles/adi_imu_node.dir/src/imu_ros_publisher.cpp.o\x1b[0m\n'}
[12.378537] (-) TimerEvent: {}
[12.418667] (adi_imu) StdoutLine: {'line': b'[ 78%] Built target adi_imu__rosidl_typesupport_fastrtps_c\n'}
[12.439668] (adi_imu) StdoutLine: {'line': b'[ 79%] \x1b[32mBuilding CXX object CMakeFiles/adi_imu_node.dir/src/kalman_covariance_provider.cpp.o\x1b[0m\n'}
[12.445732] (adi_imu) StdoutLine: {'line': b'[ 79%] Built target adi_imu\n'}
[12.457187] (adi_imu) StdoutLine: {'line': b'[ 80%] \x1b[32mBuilding CXX object CMakeFiles/adi_imu_node.dir/src/ros_publisher_group.cpp.o\x1b[0m\n'}
[12.479069] (-) TimerEvent: {}
[12.545396] (adi_imu) StdoutLine: {'line': b'[ 80%] \x1b[32mBuilding CXX object CMakeFiles/adi_imu_node.dir/src/sliding_window_covariance_provider.cpp.o\x1b[0m\n'}
[12.579215] (-) TimerEvent: {}
[12.686141] (-) TimerEvent: {}
[12.733412] (adi_imu) StdoutLine: {'line': b'[ 81%] \x1b[32mBuilding CXX object CMakeFiles/adi_imu_node.dir/src/static_covariance_provider.cpp.o\x1b[0m\n'}
[12.786248] (-) TimerEvent: {}
[12.886698] (-) TimerEvent: {}
[12.987295] (-) TimerEvent: {}
[13.087679] (-) TimerEvent: {}
[13.119330] (adi_imu) StdoutLine: {'line': b'[ 82%] \x1b[32mBuilding CXX object CMakeFiles/adi_imu_node.dir/src/utils/adis_device_registry.cpp.o\x1b[0m\n'}
[13.188672] (-) TimerEvent: {}
[13.265757] (adi_imu) StdoutLine: {'line': b'[ 83%] \x1b[34m\x1b[1mGenerating Python code for ROS interfaces\x1b[0m\n'}
[13.288809] (-) TimerEvent: {}
[13.305076] (adi_imu) StdoutLine: {'line': b'[ 84%] \x1b[32mBuilding CXX object CMakeFiles/adi_imu_node.dir/src/velangtemp_data_provider.cpp.o\x1b[0m\n'}
[13.388960] (-) TimerEvent: {}
[13.489295] (-) TimerEvent: {}
[13.589658] (-) TimerEvent: {}
[13.605419] (adi_imu) StdoutLine: {'line': b'[ 84%] \x1b[32mBuilding CXX object CMakeFiles/adi_imu_node.dir/src/velangtemp_ros_publisher.cpp.o\x1b[0m\n'}
[13.662804] (adi_imu) StdoutLine: {'line': b'[ 85%] \x1b[32mBuilding CXX object CMakeFiles/adi_imu_node.dir/src/welford_covariance_provider.cpp.o\x1b[0m\n'}
[13.689784] (-) TimerEvent: {}
[13.790177] (-) TimerEvent: {}
[13.792255] (adi_imu) StdoutLine: {'line': b'[ 86%] \x1b[32mBuilding CXX object CMakeFiles/adi_imu_node.dir/src/worker_thread.cpp.o\x1b[0m\n'}
[13.890318] (-) TimerEvent: {}
[13.990713] (-) TimerEvent: {}
[14.092219] (-) TimerEvent: {}
[14.192566] (-) TimerEvent: {}
[14.293297] (-) TimerEvent: {}
[14.397488] (-) TimerEvent: {}
[14.497885] (-) TimerEvent: {}
[14.603637] (-) TimerEvent: {}
[14.704034] (-) TimerEvent: {}
[14.804417] (-) TimerEvent: {}
[14.907229] (-) TimerEvent: {}
[15.008039] (-) TimerEvent: {}
[15.109778] (-) TimerEvent: {}
[15.210203] (-) TimerEvent: {}
[15.310617] (-) TimerEvent: {}
[15.411488] (-) TimerEvent: {}
[15.517313] (-) TimerEvent: {}
[15.617722] (-) TimerEvent: {}
[15.718416] (-) TimerEvent: {}
[15.819458] (-) TimerEvent: {}
[15.920530] (-) TimerEvent: {}
[16.021706] (-) TimerEvent: {}
[16.122198] (-) TimerEvent: {}
[16.223827] (-) TimerEvent: {}
[16.329289] (-) TimerEvent: {}
[16.429951] (-) TimerEvent: {}
[16.533976] (-) TimerEvent: {}
[16.634358] (-) TimerEvent: {}
[16.737308] (-) TimerEvent: {}
[16.837689] (-) TimerEvent: {}
[16.938041] (-) TimerEvent: {}
[17.039478] (-) TimerEvent: {}
[17.139944] (-) TimerEvent: {}
[17.240621] (-) TimerEvent: {}
[17.341044] (-) TimerEvent: {}
[17.428185] (adi_imu) StdoutLine: {'line': b'[ 86%] Built target adi_imu__py\n'}
[17.441424] (-) TimerEvent: {}
[17.452095] (adi_imu) StdoutLine: {'line': b'[ 87%] \x1b[32mBuilding C object CMakeFiles/adi_imu__rosidl_generator_py.dir/rosidl_generator_py/adi_imu/msg/_accel_gyro_temp_data_s.c.o\x1b[0m\n'}
[17.452308] (adi_imu) StdoutLine: {'line': b'[ 87%] \x1b[32mBuilding C object CMakeFiles/adi_imu__rosidl_generator_py.dir/rosidl_generator_py/adi_imu/msg/_imu_diag_data_adis1646_x_s.c.o\x1b[0m\n'}
[17.452356] (adi_imu) StdoutLine: {'line': b'[ 88%] \x1b[32mBuilding C object CMakeFiles/adi_imu__rosidl_generator_py.dir/rosidl_generator_py/adi_imu/msg/_imu_diag_data_adis1654_x_s.c.o\x1b[0m\n'}
[17.452391] (adi_imu) StdoutLine: {'line': b'[ 89%] \x1b[32mBuilding C object CMakeFiles/adi_imu__rosidl_generator_py.dir/rosidl_generator_py/adi_imu/msg/_imu_diag_data_adis1647_x_s.c.o\x1b[0m\n'}
[17.452601] (adi_imu) StdoutLine: {'line': b'[ 90%] \x1b[32mBuilding C object CMakeFiles/adi_imu__rosidl_generator_py.dir/rosidl_generator_py/adi_imu/msg/_imu_diag_data_adis1657_x_s.c.o\x1b[0m\n'}
[17.452709] (adi_imu) StdoutLine: {'line': b'[ 91%] \x1b[32mBuilding C object CMakeFiles/adi_imu__rosidl_generator_py.dir/rosidl_generator_py/adi_imu/msg/_imu_full_measured_data_s.c.o\x1b[0m\n'}
[17.452907] (adi_imu) StdoutLine: {'line': b'[ 91%] \x1b[32mBuilding C object CMakeFiles/adi_imu__rosidl_generator_py.dir/rosidl_generator_py/adi_imu/msg/_imu_diag_data_adis1655_x_s.c.o\x1b[0m\n'}
[17.454664] (adi_imu) StdoutLine: {'line': b'[ 92%] \x1b[32mBuilding C object CMakeFiles/adi_imu__rosidl_generator_py.dir/rosidl_generator_py/adi_imu/msg/_imu_identification_data_s.c.o\x1b[0m\n'}
[17.456645] (adi_imu) StdoutLine: {'line': b'[ 93%] \x1b[32mBuilding C object CMakeFiles/adi_imu__rosidl_generator_py.dir/rosidl_generator_py/adi_imu/msg/_imu_diag_data_adis1650_x_s.c.o\x1b[0m\n'}
[17.463472] (adi_imu) StdoutLine: {'line': b'[ 93%] \x1b[32mBuilding C object CMakeFiles/adi_imu__rosidl_generator_py.dir/rosidl_generator_py/adi_imu/msg/_vel_ang_temp_data_s.c.o\x1b[0m\n'}
[17.545349] (-) TimerEvent: {}
[17.645706] (-) TimerEvent: {}
[17.662834] (adi_imu) StdoutLine: {'line': b'[ 94%] \x1b[32m\x1b[1mLinking C shared library rosidl_generator_py/adi_imu/libadi_imu__rosidl_generator_py.so\x1b[0m\n'}
[17.737227] (adi_imu) StdoutLine: {'line': b'[ 94%] Built target adi_imu__rosidl_generator_py\n'}
[17.746214] (-) TimerEvent: {}
[17.757399] (adi_imu) StdoutLine: {'line': b'[ 97%] \x1b[32mBuilding C object CMakeFiles/adi_imu__rosidl_typesupport_c__pyext.dir/rosidl_generator_py/adi_imu/_adi_imu_s.ep.rosidl_typesupport_c.c.o\x1b[0m\n'}
[17.757646] (adi_imu) StdoutLine: {'line': b'[ 97%] \x1b[32mBuilding C object CMakeFiles/adi_imu__rosidl_typesupport_introspection_c__pyext.dir/rosidl_generator_py/adi_imu/_adi_imu_s.ep.rosidl_typesupport_introspection_c.c.o\x1b[0m\n'}
[17.757702] (adi_imu) StdoutLine: {'line': b'[ 97%] \x1b[32mBuilding C object CMakeFiles/adi_imu__rosidl_typesupport_fastrtps_c__pyext.dir/rosidl_generator_py/adi_imu/_adi_imu_s.ep.rosidl_typesupport_fastrtps_c.c.o\x1b[0m\n'}
[17.846891] (-) TimerEvent: {}
[17.859883] (adi_imu) StdoutLine: {'line': b'[ 98%] \x1b[32m\x1b[1mLinking C shared library rosidl_generator_py/adi_imu/adi_imu_s__rosidl_typesupport_fastrtps_c.cpython-310-x86_64-linux-gnu.so\x1b[0m\n'}
[17.862686] (adi_imu) StdoutLine: {'line': b'[ 99%] \x1b[32m\x1b[1mLinking C shared library rosidl_generator_py/adi_imu/adi_imu_s__rosidl_typesupport_introspection_c.cpython-310-x86_64-linux-gnu.so\x1b[0m\n'}
[17.865270] (adi_imu) StdoutLine: {'line': b'[ 99%] \x1b[32m\x1b[1mLinking C shared library rosidl_generator_py/adi_imu/adi_imu_s__rosidl_typesupport_c.cpython-310-x86_64-linux-gnu.so\x1b[0m\n'}
[17.940983] (adi_imu) StdoutLine: {'line': b'[ 99%] Built target adi_imu__rosidl_typesupport_c__pyext\n'}
[17.941276] (adi_imu) StdoutLine: {'line': b'[ 99%] Built target adi_imu__rosidl_typesupport_fastrtps_c__pyext\n'}
[17.947067] (-) TimerEvent: {}
[17.951765] (adi_imu) StdoutLine: {'line': b'[ 99%] Built target adi_imu__rosidl_typesupport_introspection_c__pyext\n'}
[18.047265] (-) TimerEvent: {}
[18.147744] (-) TimerEvent: {}
[18.248256] (-) TimerEvent: {}
[18.348739] (-) TimerEvent: {}
[18.449634] (-) TimerEvent: {}
[18.550505] (-) TimerEvent: {}
[18.651193] (-) TimerEvent: {}
[18.751877] (-) TimerEvent: {}
[18.852705] (-) TimerEvent: {}
[18.953201] (-) TimerEvent: {}
[19.053606] (-) TimerEvent: {}
[19.154202] (-) TimerEvent: {}
[19.254807] (-) TimerEvent: {}
[19.355339] (-) TimerEvent: {}
[19.455884] (-) TimerEvent: {}
[19.556355] (-) TimerEvent: {}
[19.656848] (-) TimerEvent: {}
[19.757684] (-) TimerEvent: {}
[19.858707] (-) TimerEvent: {}
[19.959454] (-) TimerEvent: {}
[20.060108] (-) TimerEvent: {}
[20.160566] (-) TimerEvent: {}
[20.261004] (-) TimerEvent: {}
[20.361608] (-) TimerEvent: {}
[20.462245] (-) TimerEvent: {}
[20.562832] (-) TimerEvent: {}
[20.663434] (-) TimerEvent: {}
[20.764220] (-) TimerEvent: {}
[20.807872] (adi_imu) StdoutLine: {'line': b'[100%] \x1b[32m\x1b[1mLinking CXX executable adi_imu_node\x1b[0m\n'}
[20.864412] (-) TimerEvent: {}
[20.965156] (-) TimerEvent: {}
[21.065865] (-) TimerEvent: {}
[21.166794] (-) TimerEvent: {}
[21.267864] (-) TimerEvent: {}
[21.368534] (-) TimerEvent: {}
[21.444122] (adi_imu) StdoutLine: {'line': b'[100%] Built target adi_imu_node\n'}
[21.468710] (-) TimerEvent: {}
[21.477264] (adi_imu) CommandEnded: {'returncode': 0}
[21.478954] (adi_imu) JobProgress: {'identifier': 'adi_imu', 'progress': 'install'}
[21.489951] (adi_imu) Command: {'cmd': ['/usr/bin/cmake', '--install', '/home/tudor/ROS_workspaces/adi_ros_dev/src/imu_ros2/build/adi_imu'], 'cwd': '/home/tudor/ROS_workspaces/adi_ros_dev/src/imu_ros2/build/adi_imu', 'env': OrderedDict([('PYTHON_BASIC_REPL', '1'), ('LESSOPEN', '| /usr/bin/lesspipe %s'), ('USER', 'tudor'), ('GIT_ASKPASS', '/home/tudor/.vscode-server/bin/072586267e68ece9a47aa43f8c108e0dcbf44622/extensions/git/dist/askpass.sh'), ('SHLVL', '1'), ('LD_LIBRARY_PATH', '/usr/lib/x86_64-linux-gnu/gazebo-11/plugins:/opt/ros/humble/opt/rviz_ogre_vendor/lib:/opt/ros/humble/lib/x86_64-linux-gnu:/opt/ros/humble/lib'), ('MOTD_SHOWN', 'update-motd'), ('HOME', '/home/tudor'), ('OLDPWD', '/home/tudor/ROS_workspaces/adi_ros_dev'), ('TERM_PROGRAM_VERSION', '1.109.5'), ('VSCODE_IPC_HOOK_CLI', '/run/user/1000/vscode-ipc-3ee0448e-5e8d-4952-9f37-5bd2196f6e6c.sock'), ('ROS_PYTHON_VERSION', '3'), ('VSCODE_GIT_ASKPASS_MAIN', '/home/tudor/.vscode-server/bin/072586267e68ece9a47aa43f8c108e0dcbf44622/extensions/git/dist/askpass-main.js'), ('VSCODE_GIT_ASKPASS_NODE', '/home/tudor/.vscode-server/bin/072586267e68ece9a47aa43f8c108e0dcbf44622/node'), ('PYDEVD_DISABLE_FILE_VALIDATION', '1'), ('BUNDLED_DEBUGPY_PATH', '/home/tudor/.vscode-server/extensions/ms-python.debugpy-2025.18.0-linux-x64/bundled/libs/debugpy'), ('VSCODE_PYTHON_AUTOACTIVATE_GUARD', '1'), ('DBUS_SESSION_BUS_ADDRESS', 'unix:path=/run/user/1000/bus'), ('COLORTERM', 'truecolor'), ('WSL_DISTRO_NAME', 'Ubuntu-22.04'), ('_colcon_cd_root', '/opt/ros/humble/'), ('WAYLAND_DISPLAY', 'wayland-0'), ('ROS_DISTRO', 'humble'), ('LOGNAME', 'tudor'), ('NAME', 'HYB-M1Hx4yenj0N'), ('WSL_INTEROP', '/run/WSL/667_interop'), ('PULSE_SERVER', 'unix:/mnt/wslg/PulseServer'), ('_', '/usr/bin/colcon'), ('ROS_VERSION', '2'), ('CLAUDE_CODE_SSE_PORT', '16143'), ('TERM', 'xterm-256color'), ('ROS_LOCALHOST_ONLY', '0'), ('PATH', '/home/tudor/.vscode-server/data/User/globalStorage/github.copilot-chat/debugCommand:/home/tudor/.vscode-server/data/User/globalStorage/github.copilot-chat/copilotCli:/home/tudor/.vscode-server/bin/072586267e68ece9a47aa43f8c108e0dcbf44622/bin/remote-cli:/home/tudor/.local/bin:/opt/ros/humble/bin:/usr/local/sbin:/usr/local/bin:/usr/sbin:/usr/bin:/sbin:/bin:/usr/games:/usr/local/games:/usr/lib/wsl/lib:/mnt/c/WINDOWS/system32:/mnt/c/WINDOWS:/mnt/c/WINDOWS/System32/Wbem:/mnt/c/WINDOWS/System32/WindowsPowerShell/v1.0/:/mnt/c/WINDOWS/System32/OpenSSH/:/mnt/c/Program Files/MATLAB/R2025b/bin:/mnt/c/Program Files/Git/cmd:/mnt/c/Program Files/usbipd-win/:/mnt/c/Users/TAlineiP/AppData/Local/Microsoft/WindowsApps:/mnt/c/Users/TAlineiP/AppData/Local/Programs/Microsoft VS Code/bin:/snap/bin:/home/tudor/.vscode-server/extensions/ms-python.debugpy-2025.18.0-linux-x64/bundled/scripts/noConfigScripts'), ('XDG_RUNTIME_DIR', '/run/user/1000/'), ('DISPLAY', ':0'), ('VSCODE_DEBUGPY_ADAPTER_ENDPOINTS', '/home/tudor/.vscode-server/extensions/ms-python.debugpy-2025.18.0-linux-x64/.noConfigDebugAdapterEndpoints/endpoint-c9a4c1c03021b5da.txt'), ('LANG', 'en_US.UTF-8'), ('PYTHONSTARTUP', '/home/tudor/.vscode-server/data/User/workspaceStorage/bbcf92d1894d1c1fa1c499c1d5addfcc/ms-python.python/pythonrc.py'), ('LS_COLORS', 'rs=0:di=01;34:ln=01;36:mh=00:pi=40;33:so=01;35:do=01;35:bd=40;33;01:cd=40;33;01:or=40;31;01:mi=00:su=37;41:sg=30;43:ca=30;41:tw=30;42:ow=34;42:st=37;44:ex=01;32:*.tar=01;31:*.tgz=01;31:*.arc=01;31:*.arj=01;31:*.taz=01;31:*.lha=01;31:*.lz4=01;31:*.lzh=01;31:*.lzma=01;31:*.tlz=01;31:*.txz=01;31:*.tzo=01;31:*.t7z=01;31:*.zip=01;31:*.z=01;31:*.dz=01;31:*.gz=01;31:*.lrz=01;31:*.lz=01;31:*.lzo=01;31:*.xz=01;31:*.zst=01;31:*.tzst=01;31:*.bz2=01;31:*.bz=01;31:*.tbz=01;31:*.tbz2=01;31:*.tz=01;31:*.deb=01;31:*.rpm=01;31:*.jar=01;31:*.war=01;31:*.ear=01;31:*.sar=01;31:*.rar=01;31:*.alz=01;31:*.ace=01;31:*.zoo=01;31:*.cpio=01;31:*.7z=01;31:*.rz=01;31:*.cab=01;31:*.wim=01;31:*.swm=01;31:*.dwm=01;31:*.esd=01;31:*.jpg=01;35:*.jpeg=01;35:*.mjpg=01;35:*.mjpeg=01;35:*.gif=01;35:*.bmp=01;35:*.pbm=01;35:*.pgm=01;35:*.ppm=01;35:*.tga=01;35:*.xbm=01;35:*.xpm=01;35:*.tif=01;35:*.tiff=01;35:*.png=01;35:*.svg=01;35:*.svgz=01;35:*.mng=01;35:*.pcx=01;35:*.mov=01;35:*.mpg=01;35:*.mpeg=01;35:*.m2v=01;35:*.mkv=01;35:*.webm=01;35:*.webp=01;35:*.ogm=01;35:*.mp4=01;35:*.m4v=01;35:*.mp4v=01;35:*.vob=01;35:*.qt=01;35:*.nuv=01;35:*.wmv=01;35:*.asf=01;35:*.rm=01;35:*.rmvb=01;35:*.flc=01;35:*.avi=01;35:*.fli=01;35:*.flv=01;35:*.gl=01;35:*.dl=01;35:*.xcf=01;35:*.xwd=01;35:*.yuv=01;35:*.cgm=01;35:*.emf=01;35:*.ogv=01;35:*.ogx=01;35:*.aac=00;36:*.au=00;36:*.flac=00;36:*.m4a=00;36:*.mid=00;36:*.midi=00;36:*.mka=00;36:*.mp3=00;36:*.mpc=00;36:*.ogg=00;36:*.ra=00;36:*.wav=00;36:*.oga=00;36:*.opus=00;36:*.spx=00;36:*.xspf=00;36:'), ('VSCODE_GIT_IPC_HANDLE', '/run/user/1000/vscode-git-4cae890135.sock'), ('TERM_PROGRAM', 'vscode'), ('AMENT_PREFIX_PATH', '/opt/ros/humble'), ('SHELL', '/bin/bash'), ('LESSCLOSE', '/usr/bin/lesspipe %s %s'), ('VSCODE_GIT_ASKPASS_EXTRA_ARGS', ''), ('PWD', '/home/tudor/ROS_workspaces/adi_ros_dev/src/imu_ros2/build/adi_imu'), ('XDG_DATA_DIRS', '/usr/local/share:/usr/share:/var/lib/snapd/desktop'), ('PYTHONPATH', '/opt/ros/humble/lib/python3.10/site-packages:/opt/ros/humble/local/lib/python3.10/dist-packages'), ('COLCON', '1'), ('WSL2_GUI_APPS_ENABLED', '1'), ('HOSTTYPE', 'x86_64'), ('WSLENV', 'VSCODE_WSL_EXT_LOCATION/up'), ('CMAKE_PREFIX_PATH', '/opt/ros/humble')]), 'shell': False}
[21.495169] (adi_imu) StdoutLine: {'line': b'-- Install configuration: ""\n'}
[21.495685] (adi_imu) StdoutLine: {'line': b'-- Installing: /home/tudor/ROS_workspaces/adi_ros_dev/src/imu_ros2/install/adi_imu/lib/adi_imu/adi_imu_node\n'}
[21.498893] (adi_imu) StdoutLine: {'line': b'-- Set runtime path of "/home/tudor/ROS_workspaces/adi_ros_dev/src/imu_ros2/install/adi_imu/lib/adi_imu/adi_imu_node" to ""\n'}
[21.499425] (adi_imu) StdoutLine: {'line': b'-- Installing: /home/tudor/ROS_workspaces/adi_ros_dev/src/imu_ros2/install/adi_imu/share/ament_index/resource_index/rosidl_interfaces/adi_imu\n'}
[21.499568] (adi_imu) StdoutLine: {'line': b'-- Installing: /home/tudor/ROS_workspaces/adi_ros_dev/src/imu_ros2/install/adi_imu/include/adi_imu/adi_imu\n'}
[21.499799] (adi_imu) StdoutLine: {'line': b'-- Installing: /home/tudor/ROS_workspaces/adi_ros_dev/src/imu_ros2/install/adi_imu/include/adi_imu/adi_imu/msg\n'}
[21.500201] (adi_imu) StdoutLine: {'line': b'-- Installing: /home/tudor/ROS_workspaces/adi_ros_dev/src/imu_ros2/install/adi_imu/include/adi_imu/adi_imu/msg/imu_diag_data_adis1655_x.h\n'}
[21.500256] (adi_imu) StdoutLine: {'line': b'-- Installing: /home/tudor/ROS_workspaces/adi_ros_dev/src/imu_ros2/install/adi_imu/include/adi_imu/adi_imu/msg/imu_identification_data.h\n'}
[21.500284] (adi_imu) StdoutLine: {'line': b'-- Installing: /home/tudor/ROS_workspaces/adi_ros_dev/src/imu_ros2/install/adi_imu/include/adi_imu/adi_imu/msg/imu_diag_data_adis1647_x.h\n'}
[21.500475] (adi_imu) StdoutLine: {'line': b'-- Installing: /home/tudor/ROS_workspaces/adi_ros_dev/src/imu_ros2/install/adi_imu/include/adi_imu/adi_imu/msg/imu_diag_data_adis1650_x.h\n'}
[21.500529] (adi_imu) StdoutLine: {'line': b'-- Installing: /home/tudor/ROS_workspaces/adi_ros_dev/src/imu_ros2/install/adi_imu/include/adi_imu/adi_imu/msg/rosidl_generator_c__visibility_control.h\n'}
[21.500692] (adi_imu) StdoutLine: {'line': b'-- Installing: /home/tudor/ROS_workspaces/adi_ros_dev/src/imu_ros2/install/adi_imu/include/adi_imu/adi_imu/msg/detail\n'}
[21.500722] (adi_imu) StdoutLine: {'line': b'-- Installing: /home/tudor/ROS_workspaces/adi_ros_dev/src/imu_ros2/install/adi_imu/include/adi_imu/adi_imu/msg/detail/imu_diag_data_adis1655_x__struct.h\n'}
[21.500766] (adi_imu) StdoutLine: {'line': b'-- Installing: /home/tudor/ROS_workspaces/adi_ros_dev/src/imu_ros2/install/adi_imu/include/adi_imu/adi_imu/msg/detail/imu_diag_data_adis1646_x__functions.c\n'}
[21.500921] (adi_imu) StdoutLine: {'line': b'-- Installing: /home/tudor/ROS_workspaces/adi_ros_dev/src/imu_ros2/install/adi_imu/include/adi_imu/adi_imu/msg/detail/imu_diag_data_adis1655_x__type_support.h\n'}
[21.501242] (adi_imu) StdoutLine: {'line': b'-- Installing: /home/tudor/ROS_workspaces/adi_ros_dev/src/imu_ros2/install/adi_imu/include/adi_imu/adi_imu/msg/detail/vel_ang_temp_data__functions.c\n'}
[21.501339] (adi_imu) StdoutLine: {'line': b'-- Installing: /home/tudor/ROS_workspaces/adi_ros_dev/src/imu_ros2/install/adi_imu/include/adi_imu/adi_imu/msg/detail/imu_identification_data__functions.c\n'}
[21.501435] (adi_imu) StdoutLine: {'line': b'-- Installing: /home/tudor/ROS_workspaces/adi_ros_dev/src/imu_ros2/install/adi_imu/include/adi_imu/adi_imu/msg/detail/imu_diag_data_adis1646_x__type_support.h\n'}
[21.501540] (adi_imu) StdoutLine: {'line': b'-- Installing: /home/tudor/ROS_workspaces/adi_ros_dev/src/imu_ros2/install/adi_imu/include/adi_imu/adi_imu/msg/detail/imu_diag_data_adis1654_x__functions.h\n'}
[21.501642] (adi_imu) StdoutLine: {'line': b'-- Installing: /home/tudor/ROS_workspaces/adi_ros_dev/src/imu_ros2/install/adi_imu/include/adi_imu/adi_imu/msg/detail/imu_diag_data_adis1647_x__struct.h\n'}
[21.501744] (adi_imu) StdoutLine: {'line': b'-- Installing: /home/tudor/ROS_workspaces/adi_ros_dev/src/imu_ros2/install/adi_imu/include/adi_imu/adi_imu/msg/detail/imu_full_measured_data__type_support.h\n'}
[21.501838] (adi_imu) StdoutLine: {'line': b'-- Installing: /home/tudor/ROS_workspaces/adi_ros_dev/src/imu_ros2/install/adi_imu/include/adi_imu/adi_imu/msg/detail/vel_ang_temp_data__struct.h\n'}
[21.501894] (adi_imu) StdoutLine: {'line': b'-- Installing: /home/tudor/ROS_workspaces/adi_ros_dev/src/imu_ros2/install/adi_imu/include/adi_imu/adi_imu/msg/detail/imu_identification_data__functions.h\n'}
[21.502243] (adi_imu) StdoutLine: {'line': b'-- Installing: /home/tudor/ROS_workspaces/adi_ros_dev/src/imu_ros2/install/adi_imu/include/adi_imu/adi_imu/msg/detail/imu_diag_data_adis1657_x__functions.c\n'}
[21.502365] (adi_imu) StdoutLine: {'line': b'-- Installing: /home/tudor/ROS_workspaces/adi_ros_dev/src/imu_ros2/install/adi_imu/include/adi_imu/adi_imu/msg/detail/imu_diag_data_adis1654_x__functions.c\n'}
[21.502634] (adi_imu) StdoutLine: {'line': b'-- Installing: /home/tudor/ROS_workspaces/adi_ros_dev/src/imu_ros2/install/adi_imu/include/adi_imu/adi_imu/msg/detail/imu_diag_data_adis1650_x__struct.h\n'}
[21.502717] (adi_imu) StdoutLine: {'line': b'-- Installing: /home/tudor/ROS_workspaces/adi_ros_dev/src/imu_ros2/install/adi_imu/include/adi_imu/adi_imu/msg/detail/imu_diag_data_adis1647_x__type_support.h\n'}
[21.502802] (adi_imu) StdoutLine: {'line': b'-- Installing: /home/tudor/ROS_workspaces/adi_ros_dev/src/imu_ros2/install/adi_imu/include/adi_imu/adi_imu/msg/detail/imu_diag_data_adis1647_x__functions.c\n'}
[21.502861] (adi_imu) StdoutLine: {'line': b'-- Installing: /home/tudor/ROS_workspaces/adi_ros_dev/src/imu_ros2/install/adi_imu/include/adi_imu/adi_imu/msg/detail/imu_identification_data__type_support.h\n'}
[21.502945] (adi_imu) StdoutLine: {'line': b'-- Installing: /home/tudor/ROS_workspaces/adi_ros_dev/src/imu_ros2/install/adi_imu/include/adi_imu/adi_imu/msg/detail/vel_ang_temp_data__functions.h\n'}
[21.503136] (adi_imu) StdoutLine: {'line': b'-- Installing: /home/tudor/ROS_workspaces/adi_ros_dev/src/imu_ros2/install/adi_imu/include/adi_imu/adi_imu/msg/detail/accel_gyro_temp_data__functions.h\n'}
[21.503179] (adi_imu) StdoutLine: {'line': b'-- Installing: /home/tudor/ROS_workspaces/adi_ros_dev/src/imu_ros2/install/adi_imu/include/adi_imu/adi_imu/msg/detail/imu_diag_data_adis1650_x__functions.h\n'}
[21.503328] (adi_imu) StdoutLine: {'line': b'-- Installing: /home/tudor/ROS_workspaces/adi_ros_dev/src/imu_ros2/install/adi_imu/include/adi_imu/adi_imu/msg/detail/imu_diag_data_adis1657_x__type_support.h\n'}
[21.503359] (adi_imu) StdoutLine: {'line': b'-- Installing: /home/tudor/ROS_workspaces/adi_ros_dev/src/imu_ros2/install/adi_imu/include/adi_imu/adi_imu/msg/detail/accel_gyro_temp_data__type_support.h\n'}
[21.503444] (adi_imu) StdoutLine: {'line': b'-- Installing: /home/tudor/ROS_workspaces/adi_ros_dev/src/imu_ros2/install/adi_imu/include/adi_imu/adi_imu/msg/detail/imu_diag_data_adis1647_x__functions.h\n'}
[21.503475] (adi_imu) StdoutLine: {'line': b'-- Installing: /home/tudor/ROS_workspaces/adi_ros_dev/src/imu_ros2/install/adi_imu/include/adi_imu/adi_imu/msg/detail/imu_diag_data_adis1654_x__struct.h\n'}
[21.503503] (adi_imu) StdoutLine: {'line': b'-- Installing: /home/tudor/ROS_workspaces/adi_ros_dev/src/imu_ros2/install/adi_imu/include/adi_imu/adi_imu/msg/detail/imu_full_measured_data__functions.c\n'}
[21.503525] (adi_imu) StdoutLine: {'line': b'-- Installing: /home/tudor/ROS_workspaces/adi_ros_dev/src/imu_ros2/install/adi_imu/include/adi_imu/adi_imu/msg/detail/imu_diag_data_adis1655_x__functions.c\n'}
[21.503546] (adi_imu) StdoutLine: {'line': b'-- Installing: /home/tudor/ROS_workspaces/adi_ros_dev/src/imu_ros2/install/adi_imu/include/adi_imu/adi_imu/msg/detail/vel_ang_temp_data__type_support.h\n'}
[21.503568] (adi_imu) StdoutLine: {'line': b'-- Installing: /home/tudor/ROS_workspaces/adi_ros_dev/src/imu_ros2/install/adi_imu/include/adi_imu/adi_imu/msg/detail/accel_gyro_temp_data__struct.h\n'}
[21.503589] (adi_imu) StdoutLine: {'line': b'-- Installing: /home/tudor/ROS_workspaces/adi_ros_dev/src/imu_ros2/install/adi_imu/include/adi_imu/adi_imu/msg/detail/imu_diag_data_adis1650_x__type_support.h\n'}
[21.503608] (adi_imu) StdoutLine: {'line': b'-- Installing: /home/tudor/ROS_workspaces/adi_ros_dev/src/imu_ros2/install/adi_imu/include/adi_imu/adi_imu/msg/detail/imu_identification_data__struct.h\n'}
[21.503627] (adi_imu) StdoutLine: {'line': b'-- Installing: /home/tudor/ROS_workspaces/adi_ros_dev/src/imu_ros2/install/adi_imu/include/adi_imu/adi_imu/msg/detail/imu_diag_data_adis1655_x__functions.h\n'}
[21.503646] (adi_imu) StdoutLine: {'line': b'-- Installing: /home/tudor/ROS_workspaces/adi_ros_dev/src/imu_ros2/install/adi_imu/include/adi_imu/adi_imu/msg/detail/imu_diag_data_adis1646_x__struct.h\n'}
[21.503665] (adi_imu) StdoutLine: {'line': b'-- Installing: /home/tudor/ROS_workspaces/adi_ros_dev/src/imu_ros2/install/adi_imu/include/adi_imu/adi_imu/msg/detail/imu_diag_data_adis1657_x__struct.h\n'}
[21.503687] (adi_imu) StdoutLine: {'line': b'-- Installing: /home/tudor/ROS_workspaces/adi_ros_dev/src/imu_ros2/install/adi_imu/include/adi_imu/adi_imu/msg/detail/imu_full_measured_data__struct.h\n'}
[21.503820] (adi_imu) StdoutLine: {'line': b'-- Installing: /home/tudor/ROS_workspaces/adi_ros_dev/src/imu_ros2/install/adi_imu/include/adi_imu/adi_imu/msg/detail/imu_diag_data_adis1654_x__type_support.h\n'}
[21.504014] (adi_imu) StdoutLine: {'line': b'-- Installing: /home/tudor/ROS_workspaces/adi_ros_dev/src/imu_ros2/install/adi_imu/include/adi_imu/adi_imu/msg/detail/imu_diag_data_adis1646_x__functions.h\n'}
[21.504148] (adi_imu) StdoutLine: {'line': b'-- Installing: /home/tudor/ROS_workspaces/adi_ros_dev/src/imu_ros2/install/adi_imu/include/adi_imu/adi_imu/msg/detail/accel_gyro_temp_data__functions.c\n'}
[21.504317] (adi_imu) StdoutLine: {'line': b'-- Installing: /home/tudor/ROS_workspaces/adi_ros_dev/src/imu_ros2/install/adi_imu/include/adi_imu/adi_imu/msg/detail/imu_diag_data_adis1650_x__functions.c\n'}
[21.504483] (adi_imu) StdoutLine: {'line': b'-- Installing: /home/tudor/ROS_workspaces/adi_ros_dev/src/imu_ros2/install/adi_imu/include/adi_imu/adi_imu/msg/detail/imu_diag_data_adis1657_x__functions.h\n'}
[21.504648] (adi_imu) StdoutLine: {'line': b'-- Installing: /home/tudor/ROS_workspaces/adi_ros_dev/src/imu_ros2/install/adi_imu/include/adi_imu/adi_imu/msg/detail/imu_full_measured_data__functions.h\n'}
[21.504812] (adi_imu) StdoutLine: {'line': b'-- Installing: /home/tudor/ROS_workspaces/adi_ros_dev/src/imu_ros2/install/adi_imu/include/adi_imu/adi_imu/msg/accel_gyro_temp_data.h\n'}
[21.504976] (adi_imu) StdoutLine: {'line': b'-- Installing: /home/tudor/ROS_workspaces/adi_ros_dev/src/imu_ros2/install/adi_imu/include/adi_imu/adi_imu/msg/vel_ang_temp_data.h\n'}
[21.505139] (adi_imu) StdoutLine: {'line': b'-- Installing: /home/tudor/ROS_workspaces/adi_ros_dev/src/imu_ros2/install/adi_imu/include/adi_imu/adi_imu/msg/imu_diag_data_adis1654_x.h\n'}
[21.505326] (adi_imu) StdoutLine: {'line': b'-- Installing: /home/tudor/ROS_workspaces/adi_ros_dev/src/imu_ros2/install/adi_imu/include/adi_imu/adi_imu/msg/imu_diag_data_adis1657_x.h\n'}
[21.505494] (adi_imu) StdoutLine: {'line': b'-- Installing: /home/tudor/ROS_workspaces/adi_ros_dev/src/imu_ros2/install/adi_imu/include/adi_imu/adi_imu/msg/imu_full_measured_data.h\n'}
[21.505660] (adi_imu) StdoutLine: {'line': b'-- Installing: /home/tudor/ROS_workspaces/adi_ros_dev/src/imu_ros2/install/adi_imu/include/adi_imu/adi_imu/msg/imu_diag_data_adis1646_x.h\n'}
[21.505922] (adi_imu) StdoutLine: {'line': b'-- Installing: /home/tudor/ROS_workspaces/adi_ros_dev/src/imu_ros2/install/adi_imu/share/adi_imu/environment/library_path.sh\n'}
[21.505995] (adi_imu) StdoutLine: {'line': b'-- Installing: /home/tudor/ROS_workspaces/adi_ros_dev/src/imu_ros2/install/adi_imu/share/adi_imu/environment/library_path.dsv\n'}
[21.506126] (adi_imu) StdoutLine: {'line': b'-- Installing: /home/tudor/ROS_workspaces/adi_ros_dev/src/imu_ros2/install/adi_imu/lib/libadi_imu__rosidl_generator_c.so\n'}
[21.506162] (adi_imu) StdoutLine: {'line': b'-- Set runtime path of "/home/tudor/ROS_workspaces/adi_ros_dev/src/imu_ros2/install/adi_imu/lib/libadi_imu__rosidl_generator_c.so" to ""\n'}
[21.506240] (adi_imu) StdoutLine: {'line': b'-- Up-to-date: /home/tudor/ROS_workspaces/adi_ros_dev/src/imu_ros2/install/adi_imu/include/adi_imu/adi_imu\n'}
[21.506315] (adi_imu) StdoutLine: {'line': b'-- Up-to-date: /home/tudor/ROS_workspaces/adi_ros_dev/src/imu_ros2/install/adi_imu/include/adi_imu/adi_imu/msg\n'}
[21.506378] (adi_imu) StdoutLine: {'line': b'-- Installing: /home/tudor/ROS_workspaces/adi_ros_dev/src/imu_ros2/install/adi_imu/include/adi_imu/adi_imu/msg/rosidl_typesupport_fastrtps_c__visibility_control.h\n'}
[21.506462] (adi_imu) StdoutLine: {'line': b'-- Up-to-date: /home/tudor/ROS_workspaces/adi_ros_dev/src/imu_ros2/install/adi_imu/include/adi_imu/adi_imu/msg/detail\n'}
[21.506535] (adi_imu) StdoutLine: {'line': b'-- Installing: /home/tudor/ROS_workspaces/adi_ros_dev/src/imu_ros2/install/adi_imu/include/adi_imu/adi_imu/msg/detail/imu_diag_data_adis1650_x__rosidl_typesupport_fastrtps_c.h\n'}
[21.506609] (adi_imu) StdoutLine: {'line': b'-- Installing: /home/tudor/ROS_workspaces/adi_ros_dev/src/imu_ros2/install/adi_imu/include/adi_imu/adi_imu/msg/detail/imu_diag_data_adis1657_x__rosidl_typesupport_fastrtps_c.h\n'}
[21.506682] (adi_imu) StdoutLine: {'line': b'-- Installing: /home/tudor/ROS_workspaces/adi_ros_dev/src/imu_ros2/install/adi_imu/include/adi_imu/adi_imu/msg/detail/imu_diag_data_adis1655_x__rosidl_typesupport_fastrtps_c.h\n'}
[21.506754] (adi_imu) StdoutLine: {'line': b'-- Installing: /home/tudor/ROS_workspaces/adi_ros_dev/src/imu_ros2/install/adi_imu/include/adi_imu/adi_imu/msg/detail/imu_diag_data_adis1646_x__rosidl_typesupport_fastrtps_c.h\n'}
[21.506829] (adi_imu) StdoutLine: {'line': b'-- Installing: /home/tudor/ROS_workspaces/adi_ros_dev/src/imu_ros2/install/adi_imu/include/adi_imu/adi_imu/msg/detail/imu_full_measured_data__rosidl_typesupport_fastrtps_c.h\n'}
[21.506951] (adi_imu) StdoutLine: {'line': b'-- Installing: /home/tudor/ROS_workspaces/adi_ros_dev/src/imu_ros2/install/adi_imu/include/adi_imu/adi_imu/msg/detail/vel_ang_temp_data__rosidl_typesupport_fastrtps_c.h\n'}
[21.506979] (adi_imu) StdoutLine: {'line': b'-- Installing: /home/tudor/ROS_workspaces/adi_ros_dev/src/imu_ros2/install/adi_imu/include/adi_imu/adi_imu/msg/detail/imu_diag_data_adis1647_x__rosidl_typesupport_fastrtps_c.h\n'}
[21.507038] (adi_imu) StdoutLine: {'line': b'-- Installing: /home/tudor/ROS_workspaces/adi_ros_dev/src/imu_ros2/install/adi_imu/include/adi_imu/adi_imu/msg/detail/accel_gyro_temp_data__rosidl_typesupport_fastrtps_c.h\n'}
[21.507063] (adi_imu) StdoutLine: {'line': b'-- Installing: /home/tudor/ROS_workspaces/adi_ros_dev/src/imu_ros2/install/adi_imu/include/adi_imu/adi_imu/msg/detail/imu_identification_data__rosidl_typesupport_fastrtps_c.h\n'}
[21.507118] (adi_imu) StdoutLine: {'line': b'-- Installing: /home/tudor/ROS_workspaces/adi_ros_dev/src/imu_ros2/install/adi_imu/include/adi_imu/adi_imu/msg/detail/imu_diag_data_adis1654_x__rosidl_typesupport_fastrtps_c.h\n'}
[21.507175] (adi_imu) StdoutLine: {'line': b'-- Installing: /home/tudor/ROS_workspaces/adi_ros_dev/src/imu_ros2/install/adi_imu/lib/libadi_imu__rosidl_typesupport_fastrtps_c.so\n'}
[21.507208] (adi_imu) StdoutLine: {'line': b'-- Set runtime path of "/home/tudor/ROS_workspaces/adi_ros_dev/src/imu_ros2/install/adi_imu/lib/libadi_imu__rosidl_typesupport_fastrtps_c.so" to ""\n'}
[21.507306] (adi_imu) StdoutLine: {'line': b'-- Up-to-date: /home/tudor/ROS_workspaces/adi_ros_dev/src/imu_ros2/install/adi_imu/include/adi_imu/adi_imu\n'}
[21.507334] (adi_imu) StdoutLine: {'line': b'-- Up-to-date: /home/tudor/ROS_workspaces/adi_ros_dev/src/imu_ros2/install/adi_imu/include/adi_imu/adi_imu/msg\n'}
[21.507358] (adi_imu) StdoutLine: {'line': b'-- Installing: /home/tudor/ROS_workspaces/adi_ros_dev/src/imu_ros2/install/adi_imu/include/adi_imu/adi_imu/msg/imu_identification_data.hpp\n'}
[21.507395] (adi_imu) StdoutLine: {'line': b'-- Installing: /home/tudor/ROS_workspaces/adi_ros_dev/src/imu_ros2/install/adi_imu/include/adi_imu/adi_imu/msg/imu_diag_data_adis1655_x.hpp\n'}
[21.507540] (adi_imu) StdoutLine: {'line': b'-- Installing: /home/tudor/ROS_workspaces/adi_ros_dev/src/imu_ros2/install/adi_imu/include/adi_imu/adi_imu/msg/accel_gyro_temp_data.hpp\n'}
[21.507747] (adi_imu) StdoutLine: {'line': b'-- Installing: /home/tudor/ROS_workspaces/adi_ros_dev/src/imu_ros2/install/adi_imu/include/adi_imu/adi_imu/msg/imu_diag_data_adis1646_x.hpp\n'}
[21.507920] (adi_imu) StdoutLine: {'line': b'-- Installing: /home/tudor/ROS_workspaces/adi_ros_dev/src/imu_ros2/install/adi_imu/include/adi_imu/adi_imu/msg/imu_diag_data_adis1647_x.hpp\n'}
[21.508084] (adi_imu) StdoutLine: {'line': b'-- Installing: /home/tudor/ROS_workspaces/adi_ros_dev/src/imu_ros2/install/adi_imu/include/adi_imu/adi_imu/msg/rosidl_generator_cpp__visibility_control.hpp\n'}
[21.508249] (adi_imu) StdoutLine: {'line': b'-- Installing: /home/tudor/ROS_workspaces/adi_ros_dev/src/imu_ros2/install/adi_imu/include/adi_imu/adi_imu/msg/imu_diag_data_adis1650_x.hpp\n'}
[21.508414] (adi_imu) StdoutLine: {'line': b'-- Installing: /home/tudor/ROS_workspaces/adi_ros_dev/src/imu_ros2/install/adi_imu/include/adi_imu/adi_imu/msg/imu_diag_data_adis1657_x.hpp\n'}
[21.508578] (adi_imu) StdoutLine: {'line': b'-- Up-to-date: /home/tudor/ROS_workspaces/adi_ros_dev/src/imu_ros2/install/adi_imu/include/adi_imu/adi_imu/msg/detail\n'}
[21.508742] (adi_imu) StdoutLine: {'line': b'-- Installing: /home/tudor/ROS_workspaces/adi_ros_dev/src/imu_ros2/install/adi_imu/include/adi_imu/adi_imu/msg/detail/accel_gyro_temp_data__traits.hpp\n'}
[21.508906] (adi_imu) StdoutLine: {'line': b'-- Installing: /home/tudor/ROS_workspaces/adi_ros_dev/src/imu_ros2/install/adi_imu/include/adi_imu/adi_imu/msg/detail/imu_diag_data_adis1657_x__builder.hpp\n'}
[21.509141] (adi_imu) StdoutLine: {'line': b'-- Installing: /home/tudor/ROS_workspaces/adi_ros_dev/src/imu_ros2/install/adi_imu/include/adi_imu/adi_imu/msg/detail/imu_diag_data_adis1650_x__type_support.hpp\n'}
[21.509208] (adi_imu) StdoutLine: {'line': b'-- Installing: /home/tudor/ROS_workspaces/adi_ros_dev/src/imu_ros2/install/adi_imu/include/adi_imu/adi_imu/msg/detail/imu_diag_data_adis1647_x__traits.hpp\n'}
[21.509239] (adi_imu) StdoutLine: {'line': b'-- Installing: /home/tudor/ROS_workspaces/adi_ros_dev/src/imu_ros2/install/adi_imu/include/adi_imu/adi_imu/msg/detail/imu_diag_data_adis1650_x__struct.hpp\n'}
[21.509263] (adi_imu) StdoutLine: {'line': b'-- Installing: /home/tudor/ROS_workspaces/adi_ros_dev/src/imu_ros2/install/adi_imu/include/adi_imu/adi_imu/msg/detail/imu_diag_data_adis1654_x__type_support.hpp\n'}
[21.509284] (adi_imu) StdoutLine: {'line': b'-- Installing: /home/tudor/ROS_workspaces/adi_ros_dev/src/imu_ros2/install/adi_imu/include/adi_imu/adi_imu/msg/detail/imu_diag_data_adis1646_x__traits.hpp\n'}
[21.509305] (adi_imu) StdoutLine: {'line': b'-- Installing: /home/tudor/ROS_workspaces/adi_ros_dev/src/imu_ros2/install/adi_imu/include/adi_imu/adi_imu/msg/detail/imu_full_measured_data__builder.hpp\n'}
[21.509326] (adi_imu) StdoutLine: {'line': b'-- Installing: /home/tudor/ROS_workspaces/adi_ros_dev/src/imu_ros2/install/adi_imu/include/adi_imu/adi_imu/msg/detail/imu_diag_data_adis1647_x__struct.hpp\n'}
[21.509345] (adi_imu) StdoutLine: {'line': b'-- Installing: /home/tudor/ROS_workspaces/adi_ros_dev/src/imu_ros2/install/adi_imu/include/adi_imu/adi_imu/msg/detail/vel_ang_temp_data__builder.hpp\n'}
[21.509365] (adi_imu) StdoutLine: {'line': b'-- Installing: /home/tudor/ROS_workspaces/adi_ros_dev/src/imu_ros2/install/adi_imu/include/adi_imu/adi_imu/msg/detail/imu_diag_data_adis1647_x__builder.hpp\n'}
[21.509385] (adi_imu) StdoutLine: {'line': b'-- Installing: /home/tudor/ROS_workspaces/adi_ros_dev/src/imu_ros2/install/adi_imu/include/adi_imu/adi_imu/msg/detail/vel_ang_temp_data__type_support.hpp\n'}
[21.509405] (adi_imu) StdoutLine: {'line': b'-- Installing: /home/tudor/ROS_workspaces/adi_ros_dev/src/imu_ros2/install/adi_imu/include/adi_imu/adi_imu/msg/detail/accel_gyro_temp_data__builder.hpp\n'}
[21.509428] (adi_imu) StdoutLine: {'line': b'-- Installing: /home/tudor/ROS_workspaces/adi_ros_dev/src/imu_ros2/install/adi_imu/include/adi_imu/adi_imu/msg/detail/imu_diag_data_adis1657_x__traits.hpp\n'}
[21.509449] (adi_imu) StdoutLine: {'line': b'-- Installing: /home/tudor/ROS_workspaces/adi_ros_dev/src/imu_ros2/install/adi_imu/include/adi_imu/adi_imu/msg/detail/imu_diag_data_adis1646_x__struct.hpp\n'}
[21.509469] (adi_imu) StdoutLine: {'line': b'-- Installing: /home/tudor/ROS_workspaces/adi_ros_dev/src/imu_ros2/install/adi_imu/include/adi_imu/adi_imu/msg/detail/imu_diag_data_adis1654_x__struct.hpp\n'}
[21.509489] (adi_imu) StdoutLine: {'line': b'-- Installing: /home/tudor/ROS_workspaces/adi_ros_dev/src/imu_ros2/install/adi_imu/include/adi_imu/adi_imu/msg/detail/imu_diag_data_adis1650_x__builder.hpp\n'}
[21.509508] (adi_imu) StdoutLine: {'line': b'-- Installing: /home/tudor/ROS_workspaces/adi_ros_dev/src/imu_ros2/install/adi_imu/include/adi_imu/adi_imu/msg/detail/imu_diag_data_adis1655_x__traits.hpp\n'}
[21.509527] (adi_imu) StdoutLine: {'line': b'-- Installing: /home/tudor/ROS_workspaces/adi_ros_dev/src/imu_ros2/install/adi_imu/include/adi_imu/adi_imu/msg/detail/accel_gyro_temp_data__struct.hpp\n'}
[21.509547] (adi_imu) StdoutLine: {'line': b'-- Installing: /home/tudor/ROS_workspaces/adi_ros_dev/src/imu_ros2/install/adi_imu/include/adi_imu/adi_imu/msg/detail/imu_diag_data_adis1655_x__type_support.hpp\n'}
[21.509570] (adi_imu) StdoutLine: {'line': b'-- Installing: /home/tudor/ROS_workspaces/adi_ros_dev/src/imu_ros2/install/adi_imu/include/adi_imu/adi_imu/msg/detail/imu_diag_data_adis1646_x__type_support.hpp\n'}
[21.509592] (adi_imu) StdoutLine: {'line': b'-- Installing: /home/tudor/ROS_workspaces/adi_ros_dev/src/imu_ros2/install/adi_imu/include/adi_imu/adi_imu/msg/detail/imu_diag_data_adis1647_x__type_support.hpp\n'}
[21.509614] (adi_imu) StdoutLine: {'line': b'-- Installing: /home/tudor/ROS_workspaces/adi_ros_dev/src/imu_ros2/install/adi_imu/include/adi_imu/adi_imu/msg/detail/imu_identification_data__traits.hpp\n'}
[21.509695] (adi_imu) StdoutLine: {'line': b'-- Installing: /home/tudor/ROS_workspaces/adi_ros_dev/src/imu_ros2/install/adi_imu/include/adi_imu/adi_imu/msg/detail/imu_diag_data_adis1646_x__builder.hpp\n'}
[21.509781] (adi_imu) StdoutLine: {'line': b'-- Installing: /home/tudor/ROS_workspaces/adi_ros_dev/src/imu_ros2/install/adi_imu/include/adi_imu/adi_imu/msg/detail/imu_identification_data__type_support.hpp\n'}
[21.509929] (adi_imu) StdoutLine: {'line': b'-- Installing: /home/tudor/ROS_workspaces/adi_ros_dev/src/imu_ros2/install/adi_imu/include/adi_imu/adi_imu/msg/detail/imu_diag_data_adis1654_x__traits.hpp\n'}
[21.510023] (adi_imu) StdoutLine: {'line': b'-- Installing: /home/tudor/ROS_workspaces/adi_ros_dev/src/imu_ros2/install/adi_imu/include/adi_imu/adi_imu/msg/detail/imu_full_measured_data__traits.hpp\n'}
[21.510209] (adi_imu) StdoutLine: {'line': b'-- Installing: /home/tudor/ROS_workspaces/adi_ros_dev/src/imu_ros2/install/adi_imu/include/adi_imu/adi_imu/msg/detail/imu_full_measured_data__type_support.hpp\n'}
[21.510265] (adi_imu) StdoutLine: {'line': b'-- Installing: /home/tudor/ROS_workspaces/adi_ros_dev/src/imu_ros2/install/adi_imu/include/adi_imu/adi_imu/msg/detail/vel_ang_temp_data__struct.hpp\n'}
[21.510310] (adi_imu) StdoutLine: {'line': b'-- Installing: /home/tudor/ROS_workspaces/adi_ros_dev/src/imu_ros2/install/adi_imu/include/adi_imu/adi_imu/msg/detail/imu_diag_data_adis1650_x__traits.hpp\n'}
[21.510344] (adi_imu) StdoutLine: {'line': b'-- Installing: /home/tudor/ROS_workspaces/adi_ros_dev/src/imu_ros2/install/adi_imu/include/adi_imu/adi_imu/msg/detail/imu_diag_data_adis1657_x__struct.hpp\n'}
[21.510378] (adi_imu) StdoutLine: {'line': b'-- Installing: /home/tudor/ROS_workspaces/adi_ros_dev/src/imu_ros2/install/adi_imu/include/adi_imu/adi_imu/msg/detail/vel_ang_temp_data__traits.hpp\n'}
[21.510462] (adi_imu) StdoutLine: {'line': b'-- Installing: /home/tudor/ROS_workspaces/adi_ros_dev/src/imu_ros2/install/adi_imu/include/adi_imu/adi_imu/msg/detail/imu_diag_data_adis1655_x__struct.hpp\n'}
[21.510554] (adi_imu) StdoutLine: {'line': b'-- Installing: /home/tudor/ROS_workspaces/adi_ros_dev/src/imu_ros2/install/adi_imu/include/adi_imu/adi_imu/msg/detail/imu_diag_data_adis1654_x__builder.hpp\n'}
[21.510708] (adi_imu) StdoutLine: {'line': b'-- Installing: /home/tudor/ROS_workspaces/adi_ros_dev/src/imu_ros2/install/adi_imu/include/adi_imu/adi_imu/msg/detail/imu_identification_data__struct.hpp\n'}
[21.510741] (adi_imu) StdoutLine: {'line': b'-- Installing: /home/tudor/ROS_workspaces/adi_ros_dev/src/imu_ros2/install/adi_imu/include/adi_imu/adi_imu/msg/detail/imu_diag_data_adis1655_x__builder.hpp\n'}
[21.510767] (adi_imu) StdoutLine: {'line': b'-- Installing: /home/tudor/ROS_workspaces/adi_ros_dev/src/imu_ros2/install/adi_imu/include/adi_imu/adi_imu/msg/detail/imu_diag_data_adis1657_x__type_support.hpp\n'}
[21.510793] (adi_imu) StdoutLine: {'line': b'-- Installing: /home/tudor/ROS_workspaces/adi_ros_dev/src/imu_ros2/install/adi_imu/include/adi_imu/adi_imu/msg/detail/imu_full_measured_data__struct.hpp\n'}
[21.510818] (adi_imu) StdoutLine: {'line': b'-- Installing: /home/tudor/ROS_workspaces/adi_ros_dev/src/imu_ros2/install/adi_imu/include/adi_imu/adi_imu/msg/detail/accel_gyro_temp_data__type_support.hpp\n'}
[21.510843] (adi_imu) StdoutLine: {'line': b'-- Installing: /home/tudor/ROS_workspaces/adi_ros_dev/src/imu_ros2/install/adi_imu/include/adi_imu/adi_imu/msg/detail/imu_identification_data__builder.hpp\n'}
[21.510866] (adi_imu) StdoutLine: {'line': b'-- Installing: /home/tudor/ROS_workspaces/adi_ros_dev/src/imu_ros2/install/adi_imu/include/adi_imu/adi_imu/msg/imu_full_measured_data.hpp\n'}
[21.510890] (adi_imu) StdoutLine: {'line': b'-- Installing: /home/tudor/ROS_workspaces/adi_ros_dev/src/imu_ros2/install/adi_imu/include/adi_imu/adi_imu/msg/vel_ang_temp_data.hpp\n'}
[21.510914] (adi_imu) StdoutLine: {'line': b'-- Installing: /home/tudor/ROS_workspaces/adi_ros_dev/src/imu_ros2/install/adi_imu/include/adi_imu/adi_imu/msg/imu_diag_data_adis1654_x.hpp\n'}
[21.510938] (adi_imu) StdoutLine: {'line': b'-- Up-to-date: /home/tudor/ROS_workspaces/adi_ros_dev/src/imu_ros2/install/adi_imu/include/adi_imu/adi_imu\n'}
[21.510961] (adi_imu) StdoutLine: {'line': b'-- Up-to-date: /home/tudor/ROS_workspaces/adi_ros_dev/src/imu_ros2/install/adi_imu/include/adi_imu/adi_imu/msg\n'}
[21.510984] (adi_imu) StdoutLine: {'line': b'-- Up-to-date: /home/tudor/ROS_workspaces/adi_ros_dev/src/imu_ros2/install/adi_imu/include/adi_imu/adi_imu/msg/detail\n'}
[21.511006] (adi_imu) StdoutLine: {'line': b'-- Installing: /home/tudor/ROS_workspaces/adi_ros_dev/src/imu_ros2/install/adi_imu/include/adi_imu/adi_imu/msg/detail/imu_diag_data_adis1657_x__rosidl_typesupport_fastrtps_cpp.hpp\n'}
[21.511027] (adi_imu) StdoutLine: {'line': b'-- Installing: /home/tudor/ROS_workspaces/adi_ros_dev/src/imu_ros2/install/adi_imu/include/adi_imu/adi_imu/msg/detail/imu_diag_data_adis1647_x__rosidl_typesupport_fastrtps_cpp.hpp\n'}
[21.511048] (adi_imu) StdoutLine: {'line': b'-- Installing: /home/tudor/ROS_workspaces/adi_ros_dev/src/imu_ros2/install/adi_imu/include/adi_imu/adi_imu/msg/detail/dds_fastrtps\n'}
[21.511069] (adi_imu) StdoutLine: {'line': b'-- Installing: /home/tudor/ROS_workspaces/adi_ros_dev/src/imu_ros2/install/adi_imu/include/adi_imu/adi_imu/msg/detail/imu_diag_data_adis1654_x__rosidl_typesupport_fastrtps_cpp.hpp\n'}
[21.511090] (adi_imu) StdoutLine: {'line': b'-- Installing: /home/tudor/ROS_workspaces/adi_ros_dev/src/imu_ros2/install/adi_imu/include/adi_imu/adi_imu/msg/detail/imu_full_measured_data__rosidl_typesupport_fastrtps_cpp.hpp\n'}
[21.511111] (adi_imu) StdoutLine: {'line': b'-- Installing: /home/tudor/ROS_workspaces/adi_ros_dev/src/imu_ros2/install/adi_imu/include/adi_imu/adi_imu/msg/detail/accel_gyro_temp_data__rosidl_typesupport_fastrtps_cpp.hpp\n'}
[21.511144] (adi_imu) StdoutLine: {'line': b'-- Installing: /home/tudor/ROS_workspaces/adi_ros_dev/src/imu_ros2/install/adi_imu/include/adi_imu/adi_imu/msg/detail/vel_ang_temp_data__rosidl_typesupport_fastrtps_cpp.hpp\n'}
[21.511165] (adi_imu) StdoutLine: {'line': b'-- Installing: /home/tudor/ROS_workspaces/adi_ros_dev/src/imu_ros2/install/adi_imu/include/adi_imu/adi_imu/msg/detail/imu_diag_data_adis1655_x__rosidl_typesupport_fastrtps_cpp.hpp\n'}
[21.511191] (adi_imu) StdoutLine: {'line': b'-- Installing: /home/tudor/ROS_workspaces/adi_ros_dev/src/imu_ros2/install/adi_imu/include/adi_imu/adi_imu/msg/detail/imu_diag_data_adis1646_x__rosidl_typesupport_fastrtps_cpp.hpp\n'}
[21.511215] (adi_imu) StdoutLine: {'line': b'-- Installing: /home/tudor/ROS_workspaces/adi_ros_dev/src/imu_ros2/install/adi_imu/include/adi_imu/adi_imu/msg/detail/imu_identification_data__rosidl_typesupport_fastrtps_cpp.hpp\n'}
[21.511248] (adi_imu) StdoutLine: {'line': b'-- Installing: /home/tudor/ROS_workspaces/adi_ros_dev/src/imu_ros2/install/adi_imu/include/adi_imu/adi_imu/msg/detail/imu_diag_data_adis1650_x__rosidl_typesupport_fastrtps_cpp.hpp\n'}
[21.511512] (adi_imu) StdoutLine: {'line': b'-- Installing: /home/tudor/ROS_workspaces/adi_ros_dev/src/imu_ros2/install/adi_imu/include/adi_imu/adi_imu/msg/rosidl_typesupport_fastrtps_cpp__visibility_control.h\n'}
[21.511594] (adi_imu) StdoutLine: {'line': b'-- Installing: /home/tudor/ROS_workspaces/adi_ros_dev/src/imu_ros2/install/adi_imu/lib/libadi_imu__rosidl_typesupport_fastrtps_cpp.so\n'}
[21.511708] (adi_imu) StdoutLine: {'line': b'-- Set runtime path of "/home/tudor/ROS_workspaces/adi_ros_dev/src/imu_ros2/install/adi_imu/lib/libadi_imu__rosidl_typesupport_fastrtps_cpp.so" to ""\n'}
[21.511803] (adi_imu) StdoutLine: {'line': b'-- Up-to-date: /home/tudor/ROS_workspaces/adi_ros_dev/src/imu_ros2/install/adi_imu/include/adi_imu/adi_imu\n'}
[21.511883] (adi_imu) StdoutLine: {'line': b'-- Up-to-date: /home/tudor/ROS_workspaces/adi_ros_dev/src/imu_ros2/install/adi_imu/include/adi_imu/adi_imu/msg\n'}
[21.511961] (adi_imu) StdoutLine: {'line': b'-- Installing: /home/tudor/ROS_workspaces/adi_ros_dev/src/imu_ros2/install/adi_imu/include/adi_imu/adi_imu/msg/rosidl_typesupport_introspection_c__visibility_control.h\n'}
[21.512027] (adi_imu) StdoutLine: {'line': b'-- Up-to-date: /home/tudor/ROS_workspaces/adi_ros_dev/src/imu_ros2/install/adi_imu/include/adi_imu/adi_imu/msg/detail\n'}
[21.512056] (adi_imu) StdoutLine: {'line': b'-- Installing: /home/tudor/ROS_workspaces/adi_ros_dev/src/imu_ros2/install/adi_imu/include/adi_imu/adi_imu/msg/detail/imu_diag_data_adis1657_x__type_support.c\n'}
[21.512114] (adi_imu) StdoutLine: {'line': b'-- Installing: /home/tudor/ROS_workspaces/adi_ros_dev/src/imu_ros2/install/adi_imu/include/adi_imu/adi_imu/msg/detail/imu_identification_data__type_support.c\n'}
[21.512186] (adi_imu) StdoutLine: {'line': b'-- Installing: /home/tudor/ROS_workspaces/adi_ros_dev/src/imu_ros2/install/adi_imu/include/adi_imu/adi_imu/msg/detail/imu_full_measured_data__rosidl_typesupport_introspection_c.h\n'}
[21.512266] (adi_imu) StdoutLine: {'line': b'-- Installing: /home/tudor/ROS_workspaces/adi_ros_dev/src/imu_ros2/install/adi_imu/include/adi_imu/adi_imu/msg/detail/imu_diag_data_adis1654_x__type_support.c\n'}
[21.512346] (adi_imu) StdoutLine: {'line': b'-- Installing: /home/tudor/ROS_workspaces/adi_ros_dev/src/imu_ros2/install/adi_imu/include/adi_imu/adi_imu/msg/detail/imu_diag_data_adis1647_x__rosidl_typesupport_introspection_c.h\n'}
[21.512427] (adi_imu) StdoutLine: {'line': b'-- Installing: /home/tudor/ROS_workspaces/adi_ros_dev/src/imu_ros2/install/adi_imu/include/adi_imu/adi_imu/msg/detail/imu_diag_data_adis1657_x__rosidl_typesupport_introspection_c.h\n'}
[21.512508] (adi_imu) StdoutLine: {'line': b'-- Installing: /home/tudor/ROS_workspaces/adi_ros_dev/src/imu_ros2/install/adi_imu/include/adi_imu/adi_imu/msg/detail/imu_diag_data_adis1654_x__rosidl_typesupport_introspection_c.h\n'}
[21.512588] (adi_imu) StdoutLine: {'line': b'-- Installing: /home/tudor/ROS_workspaces/adi_ros_dev/src/imu_ros2/install/adi_imu/include/adi_imu/adi_imu/msg/detail/imu_identification_data__rosidl_typesupport_introspection_c.h\n'}
[21.512675] (adi_imu) StdoutLine: {'line': b'-- Installing: /home/tudor/ROS_workspaces/adi_ros_dev/src/imu_ros2/install/adi_imu/include/adi_imu/adi_imu/msg/detail/imu_diag_data_adis1650_x__type_support.c\n'}
[21.512758] (adi_imu) StdoutLine: {'line': b'-- Installing: /home/tudor/ROS_workspaces/adi_ros_dev/src/imu_ros2/install/adi_imu/include/adi_imu/adi_imu/msg/detail/accel_gyro_temp_data__rosidl_typesupport_introspection_c.h\n'}
[21.512893] (adi_imu) StdoutLine: {'line': b'-- Installing: /home/tudor/ROS_workspaces/adi_ros_dev/src/imu_ros2/install/adi_imu/include/adi_imu/adi_imu/msg/detail/imu_diag_data_adis1646_x__rosidl_typesupport_introspection_c.h\n'}
[21.512959] (adi_imu) StdoutLine: {'line': b'-- Installing: /home/tudor/ROS_workspaces/adi_ros_dev/src/imu_ros2/install/adi_imu/include/adi_imu/adi_imu/msg/detail/accel_gyro_temp_data__type_support.c\n'}
[21.513040] (adi_imu) StdoutLine: {'line': b'-- Installing: /home/tudor/ROS_workspaces/adi_ros_dev/src/imu_ros2/install/adi_imu/include/adi_imu/adi_imu/msg/detail/imu_diag_data_adis1646_x__type_support.c\n'}
[21.513120] (adi_imu) StdoutLine: {'line': b'-- Installing: /home/tudor/ROS_workspaces/adi_ros_dev/src/imu_ros2/install/adi_imu/include/adi_imu/adi_imu/msg/detail/imu_diag_data_adis1655_x__type_support.c\n'}
[21.513212] (adi_imu) StdoutLine: {'line': b'-- Installing: /home/tudor/ROS_workspaces/adi_ros_dev/src/imu_ros2/install/adi_imu/include/adi_imu/adi_imu/msg/detail/imu_diag_data_adis1647_x__type_support.c\n'}
[21.513310] (adi_imu) StdoutLine: {'line': b'-- Installing: /home/tudor/ROS_workspaces/adi_ros_dev/src/imu_ros2/install/adi_imu/include/adi_imu/adi_imu/msg/detail/vel_ang_temp_data__rosidl_typesupport_introspection_c.h\n'}
[21.513388] (adi_imu) StdoutLine: {'line': b'-- Installing: /home/tudor/ROS_workspaces/adi_ros_dev/src/imu_ros2/install/adi_imu/include/adi_imu/adi_imu/msg/detail/imu_diag_data_adis1655_x__rosidl_typesupport_introspection_c.h\n'}
[21.513484] (adi_imu) StdoutLine: {'line': b'-- Installing: /home/tudor/ROS_workspaces/adi_ros_dev/src/imu_ros2/install/adi_imu/include/adi_imu/adi_imu/msg/detail/imu_diag_data_adis1650_x__rosidl_typesupport_introspection_c.h\n'}
[21.513559] (adi_imu) StdoutLine: {'line': b'-- Installing: /home/tudor/ROS_workspaces/adi_ros_dev/src/imu_ros2/install/adi_imu/include/adi_imu/adi_imu/msg/detail/vel_ang_temp_data__type_support.c\n'}
[21.513634] (adi_imu) StdoutLine: {'line': b'-- Installing: /home/tudor/ROS_workspaces/adi_ros_dev/src/imu_ros2/install/adi_imu/include/adi_imu/adi_imu/msg/detail/imu_full_measured_data__type_support.c\n'}
[21.513781] (adi_imu) StdoutLine: {'line': b'-- Installing: /home/tudor/ROS_workspaces/adi_ros_dev/src/imu_ros2/install/adi_imu/lib/libadi_imu__rosidl_typesupport_introspection_c.so\n'}
[21.513811] (adi_imu) StdoutLine: {'line': b'-- Set runtime path of "/home/tudor/ROS_workspaces/adi_ros_dev/src/imu_ros2/install/adi_imu/lib/libadi_imu__rosidl_typesupport_introspection_c.so" to ""\n'}
[21.513834] (adi_imu) StdoutLine: {'line': b'-- Installing: /home/tudor/ROS_workspaces/adi_ros_dev/src/imu_ros2/install/adi_imu/lib/libadi_imu__rosidl_typesupport_c.so\n'}
[21.513910] (adi_imu) StdoutLine: {'line': b'-- Set runtime path of "/home/tudor/ROS_workspaces/adi_ros_dev/src/imu_ros2/install/adi_imu/lib/libadi_imu__rosidl_typesupport_c.so" to ""\n'}
[21.513993] (adi_imu) StdoutLine: {'line': b'-- Up-to-date: /home/tudor/ROS_workspaces/adi_ros_dev/src/imu_ros2/install/adi_imu/include/adi_imu/adi_imu\n'}
[21.514077] (adi_imu) StdoutLine: {'line': b'-- Up-to-date: /home/tudor/ROS_workspaces/adi_ros_dev/src/imu_ros2/install/adi_imu/include/adi_imu/adi_imu/msg\n'}
[21.514157] (adi_imu) StdoutLine: {'line': b'-- Up-to-date: /home/tudor/ROS_workspaces/adi_ros_dev/src/imu_ros2/install/adi_imu/include/adi_imu/adi_imu/msg/detail\n'}
[21.514240] (adi_imu) StdoutLine: {'line': b'-- Installing: /home/tudor/ROS_workspaces/adi_ros_dev/src/imu_ros2/install/adi_imu/include/adi_imu/adi_imu/msg/detail/imu_identification_data__rosidl_typesupport_introspection_cpp.hpp\n'}
[21.514321] (adi_imu) StdoutLine: {'line': b'-- Installing: /home/tudor/ROS_workspaces/adi_ros_dev/src/imu_ros2/install/adi_imu/include/adi_imu/adi_imu/msg/detail/imu_diag_data_adis1657_x__rosidl_typesupport_introspection_cpp.hpp\n'}
[21.514404] (adi_imu) StdoutLine: {'line': b'-- Installing: /home/tudor/ROS_workspaces/adi_ros_dev/src/imu_ros2/install/adi_imu/include/adi_imu/adi_imu/msg/detail/vel_ang_temp_data__type_support.cpp\n'}
[21.514580] (adi_imu) StdoutLine: {'line': b'-- Installing: /home/tudor/ROS_workspaces/adi_ros_dev/src/imu_ros2/install/adi_imu/include/adi_imu/adi_imu/msg/detail/imu_full_measured_data__rosidl_typesupport_introspection_cpp.hpp\n'}
[21.514718] (adi_imu) StdoutLine: {'line': b'-- Installing: /home/tudor/ROS_workspaces/adi_ros_dev/src/imu_ros2/install/adi_imu/include/adi_imu/adi_imu/msg/detail/imu_diag_data_adis1650_x__rosidl_typesupport_introspection_cpp.hpp\n'}
[21.514836] (adi_imu) StdoutLine: {'line': b'-- Installing: /home/tudor/ROS_workspaces/adi_ros_dev/src/imu_ros2/install/adi_imu/include/adi_imu/adi_imu/msg/detail/imu_diag_data_adis1655_x__type_support.cpp\n'}
[21.514873] (adi_imu) StdoutLine: {'line': b'-- Installing: /home/tudor/ROS_workspaces/adi_ros_dev/src/imu_ros2/install/adi_imu/include/adi_imu/adi_imu/msg/detail/imu_diag_data_adis1647_x__type_support.cpp\n'}
[21.514898] (adi_imu) StdoutLine: {'line': b'-- Installing: /home/tudor/ROS_workspaces/adi_ros_dev/src/imu_ros2/install/adi_imu/include/adi_imu/adi_imu/msg/detail/accel_gyro_temp_data__type_support.cpp\n'}
[21.514921] (adi_imu) StdoutLine: {'line': b'-- Installing: /home/tudor/ROS_workspaces/adi_ros_dev/src/imu_ros2/install/adi_imu/include/adi_imu/adi_imu/msg/detail/imu_diag_data_adis1646_x__rosidl_typesupport_introspection_cpp.hpp\n'}
[21.514946] (adi_imu) StdoutLine: {'line': b'-- Installing: /home/tudor/ROS_workspaces/adi_ros_dev/src/imu_ros2/install/adi_imu/include/adi_imu/adi_imu/msg/detail/vel_ang_temp_data__rosidl_typesupport_introspection_cpp.hpp\n'}
[21.514988] (adi_imu) StdoutLine: {'line': b'-- Installing: /home/tudor/ROS_workspaces/adi_ros_dev/src/imu_ros2/install/adi_imu/include/adi_imu/adi_imu/msg/detail/imu_diag_data_adis1650_x__type_support.cpp\n'}
[21.515067] (adi_imu) StdoutLine: {'line': b'-- Installing: /home/tudor/ROS_workspaces/adi_ros_dev/src/imu_ros2/install/adi_imu/include/adi_imu/adi_imu/msg/detail/imu_diag_data_adis1646_x__type_support.cpp\n'}
[21.515253] (adi_imu) StdoutLine: {'line': b'-- Installing: /home/tudor/ROS_workspaces/adi_ros_dev/src/imu_ros2/install/adi_imu/include/adi_imu/adi_imu/msg/detail/imu_identification_data__type_support.cpp\n'}
[21.515338] (adi_imu) StdoutLine: {'line': b'-- Installing: /home/tudor/ROS_workspaces/adi_ros_dev/src/imu_ros2/install/adi_imu/include/adi_imu/adi_imu/msg/detail/imu_diag_data_adis1647_x__rosidl_typesupport_introspection_cpp.hpp\n'}
[21.515491] (adi_imu) StdoutLine: {'line': b'-- Installing: /home/tudor/ROS_workspaces/adi_ros_dev/src/imu_ros2/install/adi_imu/include/adi_imu/adi_imu/msg/detail/imu_diag_data_adis1657_x__type_support.cpp\n'}
[21.515530] (adi_imu) StdoutLine: {'line': b'-- Installing: /home/tudor/ROS_workspaces/adi_ros_dev/src/imu_ros2/install/adi_imu/include/adi_imu/adi_imu/msg/detail/imu_diag_data_adis1654_x__type_support.cpp\n'}
[21.515567] (adi_imu) StdoutLine: {'line': b'-- Installing: /home/tudor/ROS_workspaces/adi_ros_dev/src/imu_ros2/install/adi_imu/include/adi_imu/adi_imu/msg/detail/accel_gyro_temp_data__rosidl_typesupport_introspection_cpp.hpp\n'}
[21.515591] (adi_imu) StdoutLine: {'line': b'-- Installing: /home/tudor/ROS_workspaces/adi_ros_dev/src/imu_ros2/install/adi_imu/include/adi_imu/adi_imu/msg/detail/imu_diag_data_adis1654_x__rosidl_typesupport_introspection_cpp.hpp\n'}
[21.515613] (adi_imu) StdoutLine: {'line': b'-- Installing: /home/tudor/ROS_workspaces/adi_ros_dev/src/imu_ros2/install/adi_imu/include/adi_imu/adi_imu/msg/detail/imu_diag_data_adis1655_x__rosidl_typesupport_introspection_cpp.hpp\n'}
[21.515635] (adi_imu) StdoutLine: {'line': b'-- Installing: /home/tudor/ROS_workspaces/adi_ros_dev/src/imu_ros2/install/adi_imu/include/adi_imu/adi_imu/msg/detail/imu_full_measured_data__type_support.cpp\n'}
[21.515657] (adi_imu) StdoutLine: {'line': b'-- Installing: /home/tudor/ROS_workspaces/adi_ros_dev/src/imu_ros2/install/adi_imu/lib/libadi_imu__rosidl_typesupport_introspection_cpp.so\n'}
[21.515681] (adi_imu) StdoutLine: {'line': b'-- Set runtime path of "/home/tudor/ROS_workspaces/adi_ros_dev/src/imu_ros2/install/adi_imu/lib/libadi_imu__rosidl_typesupport_introspection_cpp.so" to ""\n'}
[21.515703] (adi_imu) StdoutLine: {'line': b'-- Installing: /home/tudor/ROS_workspaces/adi_ros_dev/src/imu_ros2/install/adi_imu/lib/libadi_imu__rosidl_typesupport_cpp.so\n'}
[21.515723] (adi_imu) StdoutLine: {'line': b'-- Set runtime path of "/home/tudor/ROS_workspaces/adi_ros_dev/src/imu_ros2/install/adi_imu/lib/libadi_imu__rosidl_typesupport_cpp.so" to ""\n'}
[21.515743] (adi_imu) StdoutLine: {'line': b'-- Installing: /home/tudor/ROS_workspaces/adi_ros_dev/src/imu_ros2/install/adi_imu/share/adi_imu/environment/pythonpath.sh\n'}
[21.515762] (adi_imu) StdoutLine: {'line': b'-- Installing: /home/tudor/ROS_workspaces/adi_ros_dev/src/imu_ros2/install/adi_imu/share/adi_imu/environment/pythonpath.dsv\n'}
[21.515781] (adi_imu) StdoutLine: {'line': b'-- Installing: /home/tudor/ROS_workspaces/adi_ros_dev/src/imu_ros2/install/adi_imu/local/lib/python3.10/dist-packages/adi_imu-1.0.0-py3.10.egg-info\n'}
[21.516000] (adi_imu) StdoutLine: {'line': b'-- Installing: /home/tudor/ROS_workspaces/adi_ros_dev/src/imu_ros2/install/adi_imu/local/lib/python3.10/dist-packages/adi_imu-1.0.0-py3.10.egg-info/SOURCES.txt\n'}
[21.516189] (adi_imu) StdoutLine: {'line': b'-- Installing: /home/tudor/ROS_workspaces/adi_ros_dev/src/imu_ros2/install/adi_imu/local/lib/python3.10/dist-packages/adi_imu-1.0.0-py3.10.egg-info/top_level.txt\n'}
[21.516308] (adi_imu) StdoutLine: {'line': b'-- Installing: /home/tudor/ROS_workspaces/adi_ros_dev/src/imu_ros2/install/adi_imu/local/lib/python3.10/dist-packages/adi_imu-1.0.0-py3.10.egg-info/dependency_links.txt\n'}
[21.516399] (adi_imu) StdoutLine: {'line': b'-- Installing: /home/tudor/ROS_workspaces/adi_ros_dev/src/imu_ros2/install/adi_imu/local/lib/python3.10/dist-packages/adi_imu-1.0.0-py3.10.egg-info/PKG-INFO\n'}
[21.516489] (adi_imu) StdoutLine: {'line': b'-- Installing: /home/tudor/ROS_workspaces/adi_ros_dev/src/imu_ros2/install/adi_imu/local/lib/python3.10/dist-packages/adi_imu\n'}
[21.516601] (adi_imu) StdoutLine: {'line': b'-- Installing: /home/tudor/ROS_workspaces/adi_ros_dev/src/imu_ros2/install/adi_imu/local/lib/python3.10/dist-packages/adi_imu/_adi_imu_s.ep.rosidl_typesupport_fastrtps_c.c\n'}
[21.516714] (adi_imu) StdoutLine: {'line': b'-- Installing: /home/tudor/ROS_workspaces/adi_ros_dev/src/imu_ros2/install/adi_imu/local/lib/python3.10/dist-packages/adi_imu/libadi_imu__rosidl_generator_py.so\n'}
[21.516869] (adi_imu) StdoutLine: {'line': b'-- Installing: /home/tudor/ROS_workspaces/adi_ros_dev/src/imu_ros2/install/adi_imu/local/lib/python3.10/dist-packages/adi_imu/adi_imu_s__rosidl_typesupport_introspection_c.cpython-310-x86_64-linux-gnu.so\n'}
[21.516985] (adi_imu) StdoutLine: {'line': b'-- Installing: /home/tudor/ROS_workspaces/adi_ros_dev/src/imu_ros2/install/adi_imu/local/lib/python3.10/dist-packages/adi_imu/_adi_imu_s.ep.rosidl_typesupport_introspection_c.c\n'}
[21.517092] (adi_imu) StdoutLine: {'line': b'-- Installing: /home/tudor/ROS_workspaces/adi_ros_dev/src/imu_ros2/install/adi_imu/local/lib/python3.10/dist-packages/adi_imu/msg\n'}
[21.517673] (adi_imu) StdoutLine: {'line': b'-- Installing: /home/tudor/ROS_workspaces/adi_ros_dev/src/imu_ros2/install/adi_imu/local/lib/python3.10/dist-packages/adi_imu/msg/_vel_ang_temp_data.py\n'}
[21.517771] (adi_imu) StdoutLine: {'line': b'-- Installing: /home/tudor/ROS_workspaces/adi_ros_dev/src/imu_ros2/install/adi_imu/local/lib/python3.10/dist-packages/adi_imu/msg/_imu_identification_data_s.c\n'}
[21.517810] (adi_imu) StdoutLine: {'line': b'-- Installing: /home/tudor/ROS_workspaces/adi_ros_dev/src/imu_ros2/install/adi_imu/local/lib/python3.10/dist-packages/adi_imu/msg/_imu_full_measured_data.py\n'}
[21.517894] (adi_imu) StdoutLine: {'line': b'-- Installing: /home/tudor/ROS_workspaces/adi_ros_dev/src/imu_ros2/install/adi_imu/local/lib/python3.10/dist-packages/adi_imu/msg/_imu_identification_data.py\n'}
[21.518043] (adi_imu) StdoutLine: {'line': b'-- Installing: /home/tudor/ROS_workspaces/adi_ros_dev/src/imu_ros2/install/adi_imu/local/lib/python3.10/dist-packages/adi_imu/msg/_imu_diag_data_adis1657_x.py\n'}
[21.518159] (adi_imu) StdoutLine: {'line': b'-- Installing: /home/tudor/ROS_workspaces/adi_ros_dev/src/imu_ros2/install/adi_imu/local/lib/python3.10/dist-packages/adi_imu/msg/_accel_gyro_temp_data.py\n'}
[21.518346] (adi_imu) StdoutLine: {'line': b'-- Installing: /home/tudor/ROS_workspaces/adi_ros_dev/src/imu_ros2/install/adi_imu/local/lib/python3.10/dist-packages/adi_imu/msg/_imu_diag_data_adis1655_x.py\n'}
[21.518420] (adi_imu) StdoutLine: {'line': b'-- Installing: /home/tudor/ROS_workspaces/adi_ros_dev/src/imu_ros2/install/adi_imu/local/lib/python3.10/dist-packages/adi_imu/msg/_imu_diag_data_adis1657_x_s.c\n'}
[21.518451] (adi_imu) StdoutLine: {'line': b'-- Installing: /home/tudor/ROS_workspaces/adi_ros_dev/src/imu_ros2/install/adi_imu/local/lib/python3.10/dist-packages/adi_imu/msg/__init__.py\n'}
[21.518477] (adi_imu) StdoutLine: {'line': b'-- Installing: /home/tudor/ROS_workspaces/adi_ros_dev/src/imu_ros2/install/adi_imu/local/lib/python3.10/dist-packages/adi_imu/msg/_imu_diag_data_adis1647_x.py\n'}
[21.518501] (adi_imu) StdoutLine: {'line': b'-- Installing: /home/tudor/ROS_workspaces/adi_ros_dev/src/imu_ros2/install/adi_imu/local/lib/python3.10/dist-packages/adi_imu/msg/_imu_diag_data_adis1646_x_s.c\n'}
[21.518592] (adi_imu) StdoutLine: {'line': b'-- Installing: /home/tudor/ROS_workspaces/adi_ros_dev/src/imu_ros2/install/adi_imu/local/lib/python3.10/dist-packages/adi_imu/msg/_imu_diag_data_adis1650_x.py\n'}
[21.518665] (adi_imu) StdoutLine: {'line': b'-- Installing: /home/tudor/ROS_workspaces/adi_ros_dev/src/imu_ros2/install/adi_imu/local/lib/python3.10/dist-packages/adi_imu/msg/_imu_full_measured_data_s.c\n'}
[21.518794] (adi_imu) StdoutLine: {'line': b'-- Installing: /home/tudor/ROS_workspaces/adi_ros_dev/src/imu_ros2/install/adi_imu/local/lib/python3.10/dist-packages/adi_imu/msg/_imu_diag_data_adis1655_x_s.c\n'}
[21.518833] (adi_imu) StdoutLine: {'line': b'-- Installing: /home/tudor/ROS_workspaces/adi_ros_dev/src/imu_ros2/install/adi_imu/local/lib/python3.10/dist-packages/adi_imu/msg/_imu_diag_data_adis1654_x.py\n'}
[21.518968] (adi_imu) StdoutLine: {'line': b'-- Installing: /home/tudor/ROS_workspaces/adi_ros_dev/src/imu_ros2/install/adi_imu/local/lib/python3.10/dist-packages/adi_imu/msg/_imu_diag_data_adis1654_x_s.c\n'}
[21.519118] (adi_imu) StdoutLine: {'line': b'-- Installing: /home/tudor/ROS_workspaces/adi_ros_dev/src/imu_ros2/install/adi_imu/local/lib/python3.10/dist-packages/adi_imu/msg/_imu_diag_data_adis1646_x.py\n'}
[21.519255] (adi_imu) StdoutLine: {'line': b'-- Installing: /home/tudor/ROS_workspaces/adi_ros_dev/src/imu_ros2/install/adi_imu/local/lib/python3.10/dist-packages/adi_imu/msg/_accel_gyro_temp_data_s.c\n'}
[21.519478] (adi_imu) StdoutLine: {'line': b'-- Installing: /home/tudor/ROS_workspaces/adi_ros_dev/src/imu_ros2/install/adi_imu/local/lib/python3.10/dist-packages/adi_imu/msg/_imu_diag_data_adis1650_x_s.c\n'}
[21.519522] (adi_imu) StdoutLine: {'line': b'-- Installing: /home/tudor/ROS_workspaces/adi_ros_dev/src/imu_ros2/install/adi_imu/local/lib/python3.10/dist-packages/adi_imu/msg/_vel_ang_temp_data_s.c\n'}
[21.519602] (adi_imu) StdoutLine: {'line': b'-- Installing: /home/tudor/ROS_workspaces/adi_ros_dev/src/imu_ros2/install/adi_imu/local/lib/python3.10/dist-packages/adi_imu/msg/_imu_diag_data_adis1647_x_s.c\n'}
[21.519708] (adi_imu) StdoutLine: {'line': b'-- Installing: /home/tudor/ROS_workspaces/adi_ros_dev/src/imu_ros2/install/adi_imu/local/lib/python3.10/dist-packages/adi_imu/_adi_imu_s.ep.rosidl_typesupport_c.c\n'}
[21.519812] (adi_imu) StdoutLine: {'line': b'-- Installing: /home/tudor/ROS_workspaces/adi_ros_dev/src/imu_ros2/install/adi_imu/local/lib/python3.10/dist-packages/adi_imu/__init__.py\n'}
[21.519967] (adi_imu) StdoutLine: {'line': b'-- Installing: /home/tudor/ROS_workspaces/adi_ros_dev/src/imu_ros2/install/adi_imu/local/lib/python3.10/dist-packages/adi_imu/adi_imu_s__rosidl_typesupport_c.cpython-310-x86_64-linux-gnu.so\n'}
[21.520013] (adi_imu) StdoutLine: {'line': b'-- Installing: /home/tudor/ROS_workspaces/adi_ros_dev/src/imu_ros2/install/adi_imu/local/lib/python3.10/dist-packages/adi_imu/adi_imu_s__rosidl_typesupport_fastrtps_c.cpython-310-x86_64-linux-gnu.so\n'}
[21.551128] (adi_imu) StdoutLine: {'line': b"Listing '/home/tudor/ROS_workspaces/adi_ros_dev/src/imu_ros2/install/adi_imu/local/lib/python3.10/dist-packages/adi_imu'...\n"}
[21.551340] (adi_imu) StdoutLine: {'line': b"Compiling '/home/tudor/ROS_workspaces/adi_ros_dev/src/imu_ros2/install/adi_imu/local/lib/python3.10/dist-packages/adi_imu/__init__.py'...\n"}
[21.551379] (adi_imu) StdoutLine: {'line': b"Listing '/home/tudor/ROS_workspaces/adi_ros_dev/src/imu_ros2/install/adi_imu/local/lib/python3.10/dist-packages/adi_imu/msg'...\n"}
[21.551410] (adi_imu) StdoutLine: {'line': b"Compiling '/home/tudor/ROS_workspaces/adi_ros_dev/src/imu_ros2/install/adi_imu/local/lib/python3.10/dist-packages/adi_imu/msg/__init__.py'...\n"}
[21.551437] (adi_imu) StdoutLine: {'line': b"Compiling '/home/tudor/ROS_workspaces/adi_ros_dev/src/imu_ros2/install/adi_imu/local/lib/python3.10/dist-packages/adi_imu/msg/_accel_gyro_temp_data.py'...\n"}
[21.551466] (adi_imu) StdoutLine: {'line': b"Compiling '/home/tudor/ROS_workspaces/adi_ros_dev/src/imu_ros2/install/adi_imu/local/lib/python3.10/dist-packages/adi_imu/msg/_imu_diag_data_adis1646_x.py'...\n"}
[21.551514] (adi_imu) StdoutLine: {'line': b"Compiling '/home/tudor/ROS_workspaces/adi_ros_dev/src/imu_ros2/install/adi_imu/local/lib/python3.10/dist-packages/adi_imu/msg/_imu_diag_data_adis1647_x.py'...\n"}
[21.551544] (adi_imu) StdoutLine: {'line': b"Compiling '/home/tudor/ROS_workspaces/adi_ros_dev/src/imu_ros2/install/adi_imu/local/lib/python3.10/dist-packages/adi_imu/msg/_imu_diag_data_adis1650_x.py'...\n"}
[21.551574] (adi_imu) StdoutLine: {'line': b"Compiling '/home/tudor/ROS_workspaces/adi_ros_dev/src/imu_ros2/install/adi_imu/local/lib/python3.10/dist-packages/adi_imu/msg/_imu_diag_data_adis1654_x.py'...\n"}
[21.551604] (adi_imu) StdoutLine: {'line': b"Compiling '/home/tudor/ROS_workspaces/adi_ros_dev/src/imu_ros2/install/adi_imu/local/lib/python3.10/dist-packages/adi_imu/msg/_imu_diag_data_adis1655_x.py'...\n"}
[21.551632] (adi_imu) StdoutLine: {'line': b"Compiling '/home/tudor/ROS_workspaces/adi_ros_dev/src/imu_ros2/install/adi_imu/local/lib/python3.10/dist-packages/adi_imu/msg/_imu_diag_data_adis1657_x.py'...\n"}
[21.551660] (adi_imu) StdoutLine: {'line': b"Compiling '/home/tudor/ROS_workspaces/adi_ros_dev/src/imu_ros2/install/adi_imu/local/lib/python3.10/dist-packages/adi_imu/msg/_imu_full_measured_data.py'...\n"}
[21.551688] (adi_imu) StdoutLine: {'line': b"Compiling '/home/tudor/ROS_workspaces/adi_ros_dev/src/imu_ros2/install/adi_imu/local/lib/python3.10/dist-packages/adi_imu/msg/_imu_identification_data.py'...\n"}
[21.551715] (adi_imu) StdoutLine: {'line': b"Compiling '/home/tudor/ROS_workspaces/adi_ros_dev/src/imu_ros2/install/adi_imu/local/lib/python3.10/dist-packages/adi_imu/msg/_vel_ang_temp_data.py'...\n"}
[21.555056] (adi_imu) StdoutLine: {'line': b'-- Installing: /home/tudor/ROS_workspaces/adi_ros_dev/src/imu_ros2/install/adi_imu/local/lib/python3.10/dist-packages/adi_imu/adi_imu_s__rosidl_typesupport_fastrtps_c.cpython-310-x86_64-linux-gnu.so\n'}
[21.555609] (adi_imu) StdoutLine: {'line': b'-- Set runtime path of "/home/tudor/ROS_workspaces/adi_ros_dev/src/imu_ros2/install/adi_imu/local/lib/python3.10/dist-packages/adi_imu/adi_imu_s__rosidl_typesupport_fastrtps_c.cpython-310-x86_64-linux-gnu.so" to ""\n'}
[21.555959] (adi_imu) StdoutLine: {'line': b'-- Installing: /home/tudor/ROS_workspaces/adi_ros_dev/src/imu_ros2/install/adi_imu/local/lib/python3.10/dist-packages/adi_imu/adi_imu_s__rosidl_typesupport_introspection_c.cpython-310-x86_64-linux-gnu.so\n'}
[21.556346] (adi_imu) StdoutLine: {'line': b'-- Set runtime path of "/home/tudor/ROS_workspaces/adi_ros_dev/src/imu_ros2/install/adi_imu/local/lib/python3.10/dist-packages/adi_imu/adi_imu_s__rosidl_typesupport_introspection_c.cpython-310-x86_64-linux-gnu.so" to ""\n'}
[21.556720] (adi_imu) StdoutLine: {'line': b'-- Installing: /home/tudor/ROS_workspaces/adi_ros_dev/src/imu_ros2/install/adi_imu/local/lib/python3.10/dist-packages/adi_imu/adi_imu_s__rosidl_typesupport_c.cpython-310-x86_64-linux-gnu.so\n'}
[21.556987] (adi_imu) StdoutLine: {'line': b'-- Set runtime path of "/home/tudor/ROS_workspaces/adi_ros_dev/src/imu_ros2/install/adi_imu/local/lib/python3.10/dist-packages/adi_imu/adi_imu_s__rosidl_typesupport_c.cpython-310-x86_64-linux-gnu.so" to ""\n'}
[21.557163] (adi_imu) StdoutLine: {'line': b'-- Installing: /home/tudor/ROS_workspaces/adi_ros_dev/src/imu_ros2/install/adi_imu/lib/libadi_imu__rosidl_generator_py.so\n'}
[21.557696] (adi_imu) StdoutLine: {'line': b'-- Set runtime path of "/home/tudor/ROS_workspaces/adi_ros_dev/src/imu_ros2/install/adi_imu/lib/libadi_imu__rosidl_generator_py.so" to ""\n'}
[21.558076] (adi_imu) StdoutLine: {'line': b'-- Installing: /home/tudor/ROS_workspaces/adi_ros_dev/src/imu_ros2/install/adi_imu/share/adi_imu/msg/AccelGyroTempData.idl\n'}
[21.558335] (adi_imu) StdoutLine: {'line': b'-- Installing: /home/tudor/ROS_workspaces/adi_ros_dev/src/imu_ros2/install/adi_imu/share/adi_imu/msg/ImuDiagDataADIS1646X.idl\n'}
[21.558534] (adi_imu) StdoutLine: {'line': b'-- Installing: /home/tudor/ROS_workspaces/adi_ros_dev/src/imu_ros2/install/adi_imu/share/adi_imu/msg/ImuDiagDataADIS1647X.idl\n'}
[21.558744] (adi_imu) StdoutLine: {'line': b'-- Installing: /home/tudor/ROS_workspaces/adi_ros_dev/src/imu_ros2/install/adi_imu/share/adi_imu/msg/ImuDiagDataADIS1650X.idl\n'}
[21.559116] (adi_imu) StdoutLine: {'line': b'-- Installing: /home/tudor/ROS_workspaces/adi_ros_dev/src/imu_ros2/install/adi_imu/share/adi_imu/msg/ImuDiagDataADIS1654X.idl\n'}
[21.559332] (adi_imu) StdoutLine: {'line': b'-- Installing: /home/tudor/ROS_workspaces/adi_ros_dev/src/imu_ros2/install/adi_imu/share/adi_imu/msg/ImuDiagDataADIS1655X.idl\n'}
[21.559532] (adi_imu) StdoutLine: {'line': b'-- Installing: /home/tudor/ROS_workspaces/adi_ros_dev/src/imu_ros2/install/adi_imu/share/adi_imu/msg/ImuDiagDataADIS1657X.idl\n'}
[21.559730] (adi_imu) StdoutLine: {'line': b'-- Installing: /home/tudor/ROS_workspaces/adi_ros_dev/src/imu_ros2/install/adi_imu/share/adi_imu/msg/ImuFullMeasuredData.idl\n'}
[21.559931] (adi_imu) StdoutLine: {'line': b'-- Installing: /home/tudor/ROS_workspaces/adi_ros_dev/src/imu_ros2/install/adi_imu/share/adi_imu/msg/ImuIdentificationData.idl\n'}
[21.560134] (adi_imu) StdoutLine: {'line': b'-- Installing: /home/tudor/ROS_workspaces/adi_ros_dev/src/imu_ros2/install/adi_imu/share/adi_imu/msg/VelAngTempData.idl\n'}
[21.560297] (adi_imu) StdoutLine: {'line': b'-- Installing: /home/tudor/ROS_workspaces/adi_ros_dev/src/imu_ros2/install/adi_imu/share/adi_imu/msg/AccelGyroTempData.msg\n'}
[21.561762] (adi_imu) StdoutLine: {'line': b'-- Installing: /home/tudor/ROS_workspaces/adi_ros_dev/src/imu_ros2/install/adi_imu/share/adi_imu/msg/ImuDiagDataADIS1646X.msg\n'}
[21.562151] (adi_imu) StdoutLine: {'line': b'-- Installing: /home/tudor/ROS_workspaces/adi_ros_dev/src/imu_ros2/install/adi_imu/share/adi_imu/msg/ImuDiagDataADIS1647X.msg\n'}
[21.562231] (adi_imu) StdoutLine: {'line': b'-- Installing: /home/tudor/ROS_workspaces/adi_ros_dev/src/imu_ros2/install/adi_imu/share/adi_imu/msg/ImuDiagDataADIS1650X.msg\n'}
[21.562265] (adi_imu) StdoutLine: {'line': b'-- Installing: /home/tudor/ROS_workspaces/adi_ros_dev/src/imu_ros2/install/adi_imu/share/adi_imu/msg/ImuDiagDataADIS1654X.msg\n'}
[21.562357] (adi_imu) StdoutLine: {'line': b'-- Installing: /home/tudor/ROS_workspaces/adi_ros_dev/src/imu_ros2/install/adi_imu/share/adi_imu/msg/ImuDiagDataADIS1655X.msg\n'}
[21.562428] (adi_imu) StdoutLine: {'line': b'-- Installing: /home/tudor/ROS_workspaces/adi_ros_dev/src/imu_ros2/install/adi_imu/share/adi_imu/msg/ImuDiagDataADIS1657X.msg\n'}
[21.562639] (adi_imu) StdoutLine: {'line': b'-- Installing: /home/tudor/ROS_workspaces/adi_ros_dev/src/imu_ros2/install/adi_imu/share/adi_imu/msg/ImuFullMeasuredData.msg\n'}
[21.562683] (adi_imu) StdoutLine: {'line': b'-- Installing: /home/tudor/ROS_workspaces/adi_ros_dev/src/imu_ros2/install/adi_imu/share/adi_imu/msg/ImuIdentificationData.msg\n'}
[21.562717] (adi_imu) StdoutLine: {'line': b'-- Installing: /home/tudor/ROS_workspaces/adi_ros_dev/src/imu_ros2/install/adi_imu/share/adi_imu/msg/VelAngTempData.msg\n'}
[21.562748] (adi_imu) StdoutLine: {'line': b'-- Installing: /home/tudor/ROS_workspaces/adi_ros_dev/src/imu_ros2/install/adi_imu/share/adi_imu/rviz\n'}
[21.562884] (adi_imu) StdoutLine: {'line': b'-- Installing: /home/tudor/ROS_workspaces/adi_ros_dev/src/imu_ros2/install/adi_imu/share/adi_imu/rviz/imu_with_madgwick_filter_rviz.rviz\n'}
[21.563261] (adi_imu) StdoutLine: {'line': b'-- Installing: /home/tudor/ROS_workspaces/adi_ros_dev/src/imu_ros2/install/adi_imu/share/adi_imu/rviz/imu_tof_fusion.rviz\n'}
[21.563629] (adi_imu) StdoutLine: {'line': b'-- Installing: /home/tudor/ROS_workspaces/adi_ros_dev/src/imu_ros2/install/adi_imu/share/adi_imu/launch\n'}
[21.564085] (adi_imu) StdoutLine: {'line': b'-- Installing: /home/tudor/ROS_workspaces/adi_ros_dev/src/imu_ros2/install/adi_imu/share/adi_imu/launch/imu_and_covariance.launch.py\n'}
[21.564285] (adi_imu) StdoutLine: {'line': b'-- Installing: /home/tudor/ROS_workspaces/adi_ros_dev/src/imu_ros2/install/adi_imu/share/adi_imu/launch/imu_tof_fusion.launch.py\n'}
[21.564562] (adi_imu) StdoutLine: {'line': b'-- Installing: /home/tudor/ROS_workspaces/adi_ros_dev/src/imu_ros2/install/adi_imu/share/adi_imu/launch/imu_with_madgwick_filter_rviz.launch.py\n'}
[21.564747] (adi_imu) StdoutLine: {'line': b'-- Installing: /home/tudor/ROS_workspaces/adi_ros_dev/src/imu_ros2/install/adi_imu/share/adi_imu/config\n'}
[21.564793] (adi_imu) StdoutLine: {'line': b'-- Installing: /home/tudor/ROS_workspaces/adi_ros_dev/src/imu_ros2/install/adi_imu/share/adi_imu/config/imu_covariance_config.yaml\n'}
[21.564823] (adi_imu) StdoutLine: {'line': b'-- Installing: /home/tudor/ROS_workspaces/adi_ros_dev/src/imu_ros2/install/adi_imu/share/adi_imu/config/adis1657x\n'}
[21.564850] (adi_imu) StdoutLine: {'line': b'-- Installing: /home/tudor/ROS_workspaces/adi_ros_dev/src/imu_ros2/install/adi_imu/share/adi_imu/config/adis1657x/imu_config.yaml\n'}
[21.565045] (adi_imu) StdoutLine: {'line': b'-- Installing: /home/tudor/ROS_workspaces/adi_ros_dev/src/imu_ros2/install/adi_imu/share/adi_imu/config/adis1654x\n'}
[21.565358] (adi_imu) StdoutLine: {'line': b'-- Installing: /home/tudor/ROS_workspaces/adi_ros_dev/src/imu_ros2/install/adi_imu/share/adi_imu/config/adis1654x/imu_config.yaml\n'}
[21.565857] (adi_imu) StdoutLine: {'line': b'-- Installing: /home/tudor/ROS_workspaces/adi_ros_dev/src/imu_ros2/install/adi_imu/share/adi_imu/config/adis1655x\n'}
[21.565994] (adi_imu) StdoutLine: {'line': b'-- Installing: /home/tudor/ROS_workspaces/adi_ros_dev/src/imu_ros2/install/adi_imu/share/adi_imu/config/adis1655x/imu_config.yaml\n'}
[21.566315] (adi_imu) StdoutLine: {'line': b'-- Installing: /home/tudor/ROS_workspaces/adi_ros_dev/src/imu_ros2/install/adi_imu/share/adi_imu/config/adis1647x\n'}
[21.566462] (adi_imu) StdoutLine: {'line': b'-- Installing: /home/tudor/ROS_workspaces/adi_ros_dev/src/imu_ros2/install/adi_imu/share/adi_imu/config/adis1647x/imu_config.yaml\n'}
[21.566783] (adi_imu) StdoutLine: {'line': b'-- Installing: /home/tudor/ROS_workspaces/adi_ros_dev/src/imu_ros2/install/adi_imu/share/adi_imu/config/adis1650x\n'}
[21.566979] (adi_imu) StdoutLine: {'line': b'-- Installing: /home/tudor/ROS_workspaces/adi_ros_dev/src/imu_ros2/install/adi_imu/share/adi_imu/config/adis1650x/imu_config.yaml\n'}
[21.567272] (adi_imu) StdoutLine: {'line': b'-- Installing: /home/tudor/ROS_workspaces/adi_ros_dev/src/imu_ros2/install/adi_imu/share/adi_imu/config/adis1646x\n'}
[21.567535] (adi_imu) StdoutLine: {'line': b'-- Installing: /home/tudor/ROS_workspaces/adi_ros_dev/src/imu_ros2/install/adi_imu/share/adi_imu/config/adis1646x/imu_config.yaml\n'}
[21.568298] (adi_imu) StdoutLine: {'line': b'-- Installing: /home/tudor/ROS_workspaces/adi_ros_dev/src/imu_ros2/install/adi_imu/share/ament_index/resource_index/package_run_dependencies/adi_imu\n'}
[21.568503] (adi_imu) StdoutLine: {'line': b'-- Installing: /home/tudor/ROS_workspaces/adi_ros_dev/src/imu_ros2/install/adi_imu/share/ament_index/resource_index/parent_prefix_path/adi_imu\n'}
[21.568544] (adi_imu) StdoutLine: {'line': b'-- Installing: /home/tudor/ROS_workspaces/adi_ros_dev/src/imu_ros2/install/adi_imu/share/adi_imu/environment/ament_prefix_path.sh\n'}
[21.568608] (adi_imu) StdoutLine: {'line': b'-- Installing: /home/tudor/ROS_workspaces/adi_ros_dev/src/imu_ros2/install/adi_imu/share/adi_imu/environment/ament_prefix_path.dsv\n'}
[21.568731] (adi_imu) StdoutLine: {'line': b'-- Installing: /home/tudor/ROS_workspaces/adi_ros_dev/src/imu_ros2/install/adi_imu/share/adi_imu/environment/path.sh\n'}
[21.568862] (-) TimerEvent: {}
[21.569088] (adi_imu) StdoutLine: {'line': b'-- Installing: /home/tudor/ROS_workspaces/adi_ros_dev/src/imu_ros2/install/adi_imu/share/adi_imu/environment/path.dsv\n'}
[21.569698] (adi_imu) StdoutLine: {'line': b'-- Installing: /home/tudor/ROS_workspaces/adi_ros_dev/src/imu_ros2/install/adi_imu/share/adi_imu/local_setup.bash\n'}
[21.569759] (adi_imu) StdoutLine: {'line': b'-- Installing: /home/tudor/ROS_workspaces/adi_ros_dev/src/imu_ros2/install/adi_imu/share/adi_imu/local_setup.sh\n'}
[21.569810] (adi_imu) StdoutLine: {'line': b'-- Installing: /home/tudor/ROS_workspaces/adi_ros_dev/src/imu_ros2/install/adi_imu/share/adi_imu/local_setup.zsh\n'}
[21.569885] (adi_imu) StdoutLine: {'line': b'-- Installing: /home/tudor/ROS_workspaces/adi_ros_dev/src/imu_ros2/install/adi_imu/share/adi_imu/local_setup.dsv\n'}
[21.569953] (adi_imu) StdoutLine: {'line': b'-- Installing: /home/tudor/ROS_workspaces/adi_ros_dev/src/imu_ros2/install/adi_imu/share/adi_imu/package.dsv\n'}
[21.570029] (adi_imu) StdoutLine: {'line': b'-- Installing: /home/tudor/ROS_workspaces/adi_ros_dev/src/imu_ros2/install/adi_imu/share/ament_index/resource_index/packages/adi_imu\n'}
[21.570082] (adi_imu) StdoutLine: {'line': b'-- Installing: /home/tudor/ROS_workspaces/adi_ros_dev/src/imu_ros2/install/adi_imu/share/adi_imu/cmake/export_adi_imu__rosidl_generator_cExport.cmake\n'}
[21.570211] (adi_imu) StdoutLine: {'line': b'-- Installing: /home/tudor/ROS_workspaces/adi_ros_dev/src/imu_ros2/install/adi_imu/share/adi_imu/cmake/export_adi_imu__rosidl_generator_cExport-noconfig.cmake\n'}
[21.570403] (adi_imu) StdoutLine: {'line': b'-- Installing: /home/tudor/ROS_workspaces/adi_ros_dev/src/imu_ros2/install/adi_imu/share/adi_imu/cmake/export_adi_imu__rosidl_typesupport_fastrtps_cExport.cmake\n'}
[21.570447] (adi_imu) StdoutLine: {'line': b'-- Installing: /home/tudor/ROS_workspaces/adi_ros_dev/src/imu_ros2/install/adi_imu/share/adi_imu/cmake/export_adi_imu__rosidl_typesupport_fastrtps_cExport-noconfig.cmake\n'}
[21.570476] (adi_imu) StdoutLine: {'line': b'-- Installing: /home/tudor/ROS_workspaces/adi_ros_dev/src/imu_ros2/install/adi_imu/share/adi_imu/cmake/export_adi_imu__rosidl_generator_cppExport.cmake\n'}
[21.570519] (adi_imu) StdoutLine: {'line': b'-- Installing: /home/tudor/ROS_workspaces/adi_ros_dev/src/imu_ros2/install/adi_imu/share/adi_imu/cmake/export_adi_imu__rosidl_typesupport_fastrtps_cppExport.cmake\n'}
[21.570650] (adi_imu) StdoutLine: {'line': b'-- Installing: /home/tudor/ROS_workspaces/adi_ros_dev/src/imu_ros2/install/adi_imu/share/adi_imu/cmake/export_adi_imu__rosidl_typesupport_fastrtps_cppExport-noconfig.cmake\n'}
[21.570684] (adi_imu) StdoutLine: {'line': b'-- Installing: /home/tudor/ROS_workspaces/adi_ros_dev/src/imu_ros2/install/adi_imu/share/adi_imu/cmake/adi_imu__rosidl_typesupport_introspection_cExport.cmake\n'}
[21.570708] (adi_imu) StdoutLine: {'line': b'-- Installing: /home/tudor/ROS_workspaces/adi_ros_dev/src/imu_ros2/install/adi_imu/share/adi_imu/cmake/adi_imu__rosidl_typesupport_introspection_cExport-noconfig.cmake\n'}
[21.570794] (adi_imu) StdoutLine: {'line': b'-- Installing: /home/tudor/ROS_workspaces/adi_ros_dev/src/imu_ros2/install/adi_imu/share/adi_imu/cmake/adi_imu__rosidl_typesupport_cExport.cmake\n'}
[21.570888] (adi_imu) StdoutLine: {'line': b'-- Installing: /home/tudor/ROS_workspaces/adi_ros_dev/src/imu_ros2/install/adi_imu/share/adi_imu/cmake/adi_imu__rosidl_typesupport_cExport-noconfig.cmake\n'}
[21.570992] (adi_imu) StdoutLine: {'line': b'-- Installing: /home/tudor/ROS_workspaces/adi_ros_dev/src/imu_ros2/install/adi_imu/share/adi_imu/cmake/adi_imu__rosidl_typesupport_introspection_cppExport.cmake\n'}
[21.571130] (adi_imu) StdoutLine: {'line': b'-- Installing: /home/tudor/ROS_workspaces/adi_ros_dev/src/imu_ros2/install/adi_imu/share/adi_imu/cmake/adi_imu__rosidl_typesupport_introspection_cppExport-noconfig.cmake\n'}
[21.571855] (adi_imu) StdoutLine: {'line': b'-- Installing: /home/tudor/ROS_workspaces/adi_ros_dev/src/imu_ros2/install/adi_imu/share/adi_imu/cmake/adi_imu__rosidl_typesupport_cppExport.cmake\n'}
[21.571965] (adi_imu) StdoutLine: {'line': b'-- Installing: /home/tudor/ROS_workspaces/adi_ros_dev/src/imu_ros2/install/adi_imu/share/adi_imu/cmake/adi_imu__rosidl_typesupport_cppExport-noconfig.cmake\n'}
[21.572101] (adi_imu) StdoutLine: {'line': b'-- Installing: /home/tudor/ROS_workspaces/adi_ros_dev/src/imu_ros2/install/adi_imu/share/adi_imu/cmake/export_adi_imu__rosidl_generator_pyExport.cmake\n'}
[21.572195] (adi_imu) StdoutLine: {'line': b'-- Installing: /home/tudor/ROS_workspaces/adi_ros_dev/src/imu_ros2/install/adi_imu/share/adi_imu/cmake/export_adi_imu__rosidl_generator_pyExport-noconfig.cmake\n'}
[21.572313] (adi_imu) StdoutLine: {'line': b'-- Installing: /home/tudor/ROS_workspaces/adi_ros_dev/src/imu_ros2/install/adi_imu/share/adi_imu/cmake/rosidl_cmake-extras.cmake\n'}
[21.572425] (adi_imu) StdoutLine: {'line': b'-- Installing: /home/tudor/ROS_workspaces/adi_ros_dev/src/imu_ros2/install/adi_imu/share/adi_imu/cmake/ament_cmake_export_dependencies-extras.cmake\n'}
[21.572521] (adi_imu) StdoutLine: {'line': b'-- Installing: /home/tudor/ROS_workspaces/adi_ros_dev/src/imu_ros2/install/adi_imu/share/adi_imu/cmake/ament_cmake_export_include_directories-extras.cmake\n'}
[21.572646] (adi_imu) StdoutLine: {'line': b'-- Installing: /home/tudor/ROS_workspaces/adi_ros_dev/src/imu_ros2/install/adi_imu/share/adi_imu/cmake/ament_cmake_export_libraries-extras.cmake\n'}
[21.572755] (adi_imu) StdoutLine: {'line': b'-- Installing: /home/tudor/ROS_workspaces/adi_ros_dev/src/imu_ros2/install/adi_imu/share/adi_imu/cmake/ament_cmake_export_targets-extras.cmake\n'}
[21.572912] (adi_imu) StdoutLine: {'line': b'-- Installing: /home/tudor/ROS_workspaces/adi_ros_dev/src/imu_ros2/install/adi_imu/share/adi_imu/cmake/rosidl_cmake_export_typesupport_targets-extras.cmake\n'}
[21.573032] (adi_imu) StdoutLine: {'line': b'-- Installing: /home/tudor/ROS_workspaces/adi_ros_dev/src/imu_ros2/install/adi_imu/share/adi_imu/cmake/rosidl_cmake_export_typesupport_libraries-extras.cmake\n'}
[21.573141] (adi_imu) StdoutLine: {'line': b'-- Installing: /home/tudor/ROS_workspaces/adi_ros_dev/src/imu_ros2/install/adi_imu/share/adi_imu/cmake/adi_imuConfig.cmake\n'}
[21.573835] (adi_imu) StdoutLine: {'line': b'-- Installing: /home/tudor/ROS_workspaces/adi_ros_dev/src/imu_ros2/install/adi_imu/share/adi_imu/cmake/adi_imuConfig-version.cmake\n'}
[21.574240] (adi_imu) StdoutLine: {'line': b'-- Installing: /home/tudor/ROS_workspaces/adi_ros_dev/src/imu_ros2/install/adi_imu/share/adi_imu/package.xml\n'}
[21.576908] (adi_imu) CommandEnded: {'returncode': 0}
[21.590812] (adi_imu) JobEnded: {'identifier': 'adi_imu', 'rc': 0}
[21.592424] (-) EventReactorShutdown: {}
